option_type,strike,vol,maturity,time,tau,method,detail,max_rel,p99_rel,mae,max_abs
call,80.000000,0.100000,0.500000,0.100000,0.400000,log B-spline,"d1, knots=12",0.0050351691,0.0049801720,0.0009627905,0.0029891960
call,80.000000,0.100000,0.500000,0.100000,0.400000,log Chebyshev,"d1, degree=7",0.0020072611,0.0015669341,0.0033222507,0.0413414384
call,80.000000,0.100000,0.500000,0.100000,0.400000,log polynomial,"spot, degree=9",0.0070071607,0.0050760997,0.0138975494,0.1443190953
call,80.000000,0.100000,0.500000,0.200000,0.300000,log B-spline,"d1, knots=12",0.0032251577,0.0031880762,0.0011243466,0.0067637102
call,80.000000,0.100000,0.500000,0.200000,0.300000,log Chebyshev,"d1, degree=7",0.0023592122,0.0023567691,0.0025642213,0.0240143244
call,80.000000,0.100000,0.500000,0.200000,0.300000,log polynomial,"spot, degree=9",0.0158595667,0.0110561946,0.0240838475,0.2800885723
call,80.000000,0.100000,0.500000,0.300000,0.200000,log B-spline,"d1, knots=12",0.0043503287,0.0041065501,0.0006592267,0.0045799699
call,80.000000,0.100000,0.500000,0.300000,0.200000,log Chebyshev,"d1, degree=7",0.0026387648,0.0019065598,0.0035540266,0.0375723137
call,80.000000,0.100000,0.500000,0.300000,0.200000,log polynomial,"spot, degree=9",0.0231463404,0.0160327940,0.0277013248,0.3295714573
call,80.000000,0.100000,0.500000,0.400000,0.100000,log B-spline,"d1, knots=12",0.0049322253,0.0048426050,0.0003959200,0.0016753701
call,80.000000,0.100000,0.500000,0.400000,0.100000,log Chebyshev,"d1, degree=7",0.0011386315,0.0011029383,0.0010559570,0.0111839935
call,80.000000,0.100000,0.500000,0.400000,0.100000,log polynomial,"spot, degree=9",0.0216557671,0.0144691495,0.0203046251,0.2141658120
call,80.000000,0.100000,1.000000,0.200000,0.800000,log B-spline,"d1, knots=12",0.0021538243,0.0021233624,0.0011236280,0.0063902837
call,80.000000,0.100000,1.000000,0.200000,0.800000,log Chebyshev,"d1, degree=7",0.0015016862,0.0014659690,0.0017843689,0.0241145259
call,80.000000,0.100000,1.000000,0.200000,0.800000,log polynomial,"spot, degree=9",0.0015647103,0.0009986331,0.0043033922,0.0467940081
call,80.000000,0.100000,1.000000,0.400000,0.600000,log B-spline,"d1, knots=12",0.0046286186,0.0045766458,0.0011916992,0.0041284808
call,80.000000,0.100000,1.000000,0.400000,0.600000,log Chebyshev,"d1, degree=7",0.0016132352,0.0015122810,0.0017961936,0.0195996158
call,80.000000,0.100000,1.000000,0.400000,0.600000,log polynomial,"spot, degree=9",0.0011809560,0.0011768023,0.0041000162,0.0189073277
call,80.000000,0.100000,1.000000,0.600000,0.400000,log B-spline,"d1, knots=12",0.0050209412,0.0047305543,0.0006957675,0.0038890332
call,80.000000,0.100000,1.000000,0.600000,0.400000,log Chebyshev,"d1, degree=7",0.0017118240,0.0017089103,0.0025835427,0.0325074445
call,80.000000,0.100000,1.000000,0.600000,0.400000,log polynomial,"spot, degree=9",0.0074944025,0.0053540505,0.0144880091,0.1543543019
call,80.000000,0.100000,1.000000,0.800000,0.200000,log B-spline,"d1, knots=12",0.0042440388,0.0042140705,0.0005752195,0.0024222141
call,80.000000,0.100000,1.000000,0.800000,0.200000,log Chebyshev,"d1, degree=7",0.0031359365,0.0030688817,0.0024484216,0.0239543261
call,80.000000,0.100000,1.000000,0.800000,0.200000,log polynomial,"spot, degree=9",0.0223623899,0.0154608555,0.0265136596,0.3184091010
call,80.000000,0.100000,2.000000,0.400000,1.600000,log B-spline,"d1, knots=12",0.0033909732,0.0033368494,0.0017388161,0.0093553211
call,80.000000,0.100000,2.000000,0.400000,1.600000,log Chebyshev,"d1, degree=7",0.0020683106,0.0013332725,0.0067380864,0.0898010025
call,80.000000,0.100000,2.000000,0.400000,1.600000,log polynomial,"spot, degree=9",0.0012115931,0.0012085972,0.0041994923,0.0468973315
call,80.000000,0.100000,2.000000,0.800000,1.200000,log B-spline,"d1, knots=12",0.0038085644,0.0035114837,0.0022476158,0.0105299214
call,80.000000,0.100000,2.000000,0.800000,1.200000,log Chebyshev,"d1, degree=7",0.0018625813,0.0017900977,0.0034207236,0.0460870092
call,80.000000,0.100000,2.000000,0.800000,1.200000,log polynomial,"spot, degree=9",0.0017664325,0.0016698037,0.0039856765,0.0517647886
call,80.000000,0.100000,2.000000,1.200000,0.800000,log B-spline,"d1, knots=12",0.0015965521,0.0015616893,0.0009510196,0.0042182530
call,80.000000,0.100000,2.000000,1.200000,0.800000,log Chebyshev,"d1, degree=7",0.0007237474,0.0006919226,0.0025374583,0.0216442874
call,80.000000,0.100000,2.000000,1.200000,0.800000,log polynomial,"spot, degree=9",0.0010766197,0.0009066437,0.0040808291,0.0321972384
call,80.000000,0.100000,2.000000,1.600000,0.400000,log B-spline,"d1, knots=12",0.0033859178,0.0033629842,0.0012801643,0.0056868804
call,80.000000,0.100000,2.000000,1.600000,0.400000,log Chebyshev,"d1, degree=7",0.0020724623,0.0020678447,0.0013656371,0.0176267863
call,80.000000,0.100000,2.000000,1.600000,0.400000,log polynomial,"spot, degree=9",0.0070966328,0.0052389609,0.0139745176,0.1461618583
call,80.000000,0.200000,0.500000,0.100000,0.400000,log B-spline,"d1, knots=12",0.0041971919,0.0041743126,0.0020815305,0.0101899600
call,80.000000,0.200000,0.500000,0.100000,0.400000,log Chebyshev,"d1, degree=7",0.0025667974,0.0025605625,0.0013261869,0.0098905090
call,80.000000,0.200000,0.500000,0.100000,0.400000,log polynomial,"spot, degree=9",0.0020417092,0.0020381222,0.0041878501,0.0255585950
call,80.000000,0.200000,0.500000,0.200000,0.300000,log B-spline,"d1, knots=12",0.0028486527,0.0028364921,0.0032035977,0.0156257203
call,80.000000,0.200000,0.500000,0.200000,0.300000,log Chebyshev,"d1, degree=7",0.0021266981,0.0021226655,0.0042278727,0.0446304511
call,80.000000,0.200000,0.500000,0.200000,0.300000,log polynomial,"spot, degree=9",0.0020257433,0.0020211542,0.0033725805,0.0317411056
call,80.000000,0.200000,0.500000,0.300000,0.200000,log B-spline,"d1, knots=12",0.0032926780,0.0032764466,0.0012479563,0.0087109460
call,80.000000,0.200000,0.500000,0.300000,0.200000,log Chebyshev,"d1, degree=7",0.0018803887,0.0018705391,0.0019242499,0.0105299012
call,80.000000,0.200000,0.500000,0.300000,0.200000,log polynomial,"spot, degree=9",0.0020276548,0.0011083477,0.0047413225,0.0624854868
call,80.000000,0.200000,0.500000,0.400000,0.100000,log B-spline,"d1, knots=12",0.0022515695,0.0020903946,0.0014322744,0.0101691403
call,80.000000,0.200000,0.500000,0.400000,0.100000,log Chebyshev,"d1, degree=7",0.0011688786,0.0010328850,0.0020131675,0.0244379929
call,80.000000,0.200000,0.500000,0.400000,0.100000,log polynomial,"spot, degree=9",0.0068667220,0.0050352173,0.0140093615,0.1435640170
call,80.000000,0.200000,1.000000,0.200000,0.800000,log B-spline,"d1, knots=12",0.0040796798,0.0040222386,0.0032835414,0.0273717535
call,80.000000,0.200000,1.000000,0.200000,0.800000,log Chebyshev,"d1, degree=7",0.0016946477,0.0012728434,0.0065891771,0.1190756602
call,80.000000,0.200000,1.000000,0.200000,0.800000,log polynomial,"spot, degree=9",0.0010636623,0.0010616703,0.0036690098,0.0462529547
call,80.000000,0.200000,1.000000,0.400000,0.600000,log B-spline,"d1, knots=12",0.0026176345,0.0025959651,0.0053760277,0.0259467686
call,80.000000,0.200000,1.000000,0.400000,0.600000,log Chebyshev,"d1, degree=7",0.0016442791,0.0015339426,0.0073992920,0.0693506531
call,80.000000,0.200000,1.000000,0.400000,0.600000,log polynomial,"spot, degree=9",0.0013624003,0.0012796138,0.0053084856,0.0252277812
call,80.000000,0.200000,1.000000,0.600000,0.400000,log B-spline,"d1, knots=12",0.0060644906,0.0060124831,0.0020524680,0.0102128430
call,80.000000,0.200000,1.000000,0.600000,0.400000,log Chebyshev,"d1, degree=7",0.0024411596,0.0024352721,0.0064755989,0.0770765103
call,80.000000,0.200000,1.000000,0.600000,0.400000,log polynomial,"spot, degree=9",0.0023290366,0.0023243860,0.0035066524,0.0237842924
call,80.000000,0.200000,1.000000,0.800000,0.200000,log B-spline,"d1, knots=12",0.0067678017,0.0066444800,0.0027097355,0.0128213469
call,80.000000,0.200000,1.000000,0.800000,0.200000,log Chebyshev,"d1, degree=7",0.0021041566,0.0020985978,0.0046634483,0.0519761955
call,80.000000,0.200000,1.000000,0.800000,0.200000,log polynomial,"spot, degree=9",0.0015221311,0.0015186226,0.0042788767,0.0433619849
call,80.000000,0.200000,2.000000,0.400000,1.600000,log B-spline,"d1, knots=12",0.0041424020,0.0041310344,0.0118536643,0.0694411181
call,80.000000,0.200000,2.000000,0.400000,1.600000,log Chebyshev,"d1, degree=7",0.0038511382,0.0038459697,0.0103072702,0.1424775705
call,80.000000,0.200000,2.000000,0.400000,1.600000,log polynomial,"spot, degree=9",0.0048950212,0.0048818022,0.0330323124,0.3768160357
call,80.000000,0.200000,2.000000,0.800000,1.200000,log B-spline,"d1, knots=12",0.0029607151,0.0029037774,0.0047361247,0.0341579353
call,80.000000,0.200000,2.000000,0.800000,1.200000,log Chebyshev,"d1, degree=7",0.0024048534,0.0022599908,0.0173390259,0.1806608100
call,80.000000,0.200000,2.000000,0.800000,1.200000,log polynomial,"spot, degree=9",0.0022272077,0.0020816135,0.0051042039,0.0407952292
call,80.000000,0.200000,2.000000,1.200000,0.800000,log B-spline,"d1, knots=12",0.0051926546,0.0051256771,0.0062776082,0.0395748437
call,80.000000,0.200000,2.000000,1.200000,0.800000,log Chebyshev,"d1, degree=7",0.0014914218,0.0014589382,0.0038781941,0.0235678085
call,80.000000,0.200000,2.000000,1.200000,0.800000,log polynomial,"spot, degree=9",0.0011159270,0.0011142704,0.0030140915,0.0434717482
call,80.000000,0.200000,2.000000,1.600000,0.400000,log B-spline,"d1, knots=12",0.0017049911,0.0016855003,0.0027117302,0.0142194257
call,80.000000,0.200000,2.000000,1.600000,0.400000,log Chebyshev,"d1, degree=7",0.0012793896,0.0012773585,0.0048900209,0.0566606662
call,80.000000,0.200000,2.000000,1.600000,0.400000,log polynomial,"spot, degree=9",0.0015385481,0.0015354372,0.0035210995,0.0188948412
call,80.000000,0.400000,0.500000,0.100000,0.400000,log B-spline,"d1, knots=12",0.0045736064,0.0045371247,0.0069005837,0.0487056588
call,80.000000,0.400000,0.500000,0.100000,0.400000,log Chebyshev,"d1, degree=7",0.0030029686,0.0028474375,0.0108192566,0.0691242392
call,80.000000,0.400000,0.500000,0.100000,0.400000,log polynomial,"spot, degree=9",0.0044652317,0.0044483629,0.0385956417,0.4114917472
call,80.000000,0.400000,0.500000,0.200000,0.300000,log B-spline,"d1, knots=12",0.0043173680,0.0042338651,0.0068007529,0.0424207724
call,80.000000,0.400000,0.500000,0.200000,0.300000,log Chebyshev,"d1, degree=7",0.0015799493,0.0015781532,0.0058373741,0.0632798842
call,80.000000,0.400000,0.500000,0.200000,0.300000,log polynomial,"spot, degree=9",0.0023898449,0.0023804966,0.0131466224,0.1461439145
call,80.000000,0.400000,0.500000,0.300000,0.200000,log B-spline,"d1, knots=12",0.0035342810,0.0035129360,0.0057011611,0.0313476301
call,80.000000,0.400000,0.500000,0.300000,0.200000,log Chebyshev,"d1, degree=7",0.0018581482,0.0011154790,0.0082596507,0.1345404129
call,80.000000,0.400000,0.500000,0.300000,0.200000,log polynomial,"spot, degree=9",0.0015646120,0.0015598309,0.0056007467,0.0582731752
call,80.000000,0.400000,0.500000,0.400000,0.100000,log B-spline,"d1, knots=12",0.0052941906,0.0052163134,0.0033055958,0.0232216366
call,80.000000,0.400000,0.500000,0.400000,0.100000,log Chebyshev,"d1, degree=7",0.0023808665,0.0022416148,0.0046503214,0.0627231324
call,80.000000,0.400000,0.500000,0.400000,0.100000,log polynomial,"spot, degree=9",0.0025864205,0.0024923747,0.0028612168,0.0159074663
call,80.000000,0.400000,1.000000,0.200000,0.800000,log B-spline,"d1, knots=12",0.0035087928,0.0034719694,0.0179974881,0.1776260650
call,80.000000,0.400000,1.000000,0.200000,0.800000,log Chebyshev,"d1, degree=7",0.0022106494,0.0022073145,0.0150497621,0.2162095375
call,80.000000,0.400000,1.000000,0.200000,0.800000,log polynomial,"spot, degree=9",0.0321223995,0.0253989705,0.5498014179,6.0626171734
call,80.000000,0.400000,1.000000,0.400000,0.600000,log B-spline,"d1, knots=12",0.0034887873,0.0034703842,0.0239243533,0.1957360730
call,80.000000,0.400000,1.000000,0.400000,0.600000,log Chebyshev,"d1, degree=7",0.0018166000,0.0018145799,0.0167756278,0.1947407477
call,80.000000,0.400000,1.000000,0.400000,0.600000,log polynomial,"spot, degree=9",0.0141956345,0.0119387207,0.1865478126,2.1323580651
call,80.000000,0.400000,1.000000,0.600000,0.400000,log B-spline,"d1, knots=12",0.0097938503,0.0096984840,0.0110160509,0.0482361219
call,80.000000,0.400000,1.000000,0.600000,0.400000,log Chebyshev,"d1, degree=7",0.0045321079,0.0042251922,0.0123070975,0.0656051606
call,80.000000,0.400000,1.000000,0.600000,0.400000,log polynomial,"spot, degree=9",0.0047669313,0.0046026427,0.0239194922,0.2502737696
call,80.000000,0.400000,1.000000,0.800000,0.200000,log B-spline,"d1, knots=12",0.0028233229,0.0027947574,0.0040664224,0.0163685727
call,80.000000,0.400000,1.000000,0.800000,0.200000,log Chebyshev,"d1, degree=7",0.0022536154,0.0022466532,0.0033982324,0.0275335569
call,80.000000,0.400000,1.000000,0.800000,0.200000,log polynomial,"spot, degree=9",0.0025727644,0.0025672092,0.0043597167,0.0446776527
call,80.000000,0.400000,2.000000,0.400000,1.600000,log B-spline,"d1, knots=12",0.0031275912,0.0031017845,0.0389531238,0.2190436619
call,80.000000,0.400000,2.000000,0.400000,1.600000,log Chebyshev,"d1, degree=7",0.0022093535,0.0022067024,0.0475391527,0.5956391839
call,80.000000,0.400000,2.000000,0.400000,1.600000,log polynomial,"spot, degree=9",0.1950536125,0.1886896797,5.5649334000,66.3283409279
call,80.000000,0.400000,2.000000,0.800000,1.200000,log B-spline,"d1, knots=12",0.0037390317,0.0037314289,0.0229165769,0.2162062013
call,80.000000,0.400000,2.000000,0.800000,1.200000,log Chebyshev,"d1, degree=7",0.0037284221,0.0037218138,0.0235815812,0.1480053256
call,80.000000,0.400000,2.000000,0.800000,1.200000,log polynomial,"spot, degree=9",0.0975824592,0.0876276923,2.2283590823,25.8464334256
call,80.000000,0.400000,2.000000,1.200000,0.800000,log B-spline,"d1, knots=12",0.0046111605,0.0045687960,0.0139684918,0.0682964951
call,80.000000,0.400000,2.000000,1.200000,0.800000,log Chebyshev,"d1, degree=7",0.0047734846,0.0047614278,0.0140914990,0.0414245309
call,80.000000,0.400000,2.000000,1.200000,0.800000,log polynomial,"spot, degree=9",0.0312197615,0.0242072876,0.5307344262,5.8922579055
call,80.000000,0.400000,2.000000,1.600000,0.400000,log B-spline,"d1, knots=12",0.0018862167,0.0018613826,0.0083514193,0.0433282289
call,80.000000,0.400000,2.000000,1.600000,0.400000,log Chebyshev,"d1, degree=7",0.0013697715,0.0012609244,0.0092760585,0.1591275308
call,80.000000,0.400000,2.000000,1.600000,0.400000,log polynomial,"spot, degree=9",0.0040144045,0.0036530752,0.0401825897,0.4460497852
call,100.000000,0.100000,0.500000,0.100000,0.400000,log B-spline,"d1, knots=12",0.0026540648,0.0026396752,0.0014851903,0.0066941254
call,100.000000,0.100000,0.500000,0.100000,0.400000,log Chebyshev,"d1, degree=7",0.0018050709,0.0018009552,0.0018182634,0.0103350249
call,100.000000,0.100000,0.500000,0.100000,0.400000,log polynomial,"spot, degree=9",0.0021377598,0.0021350833,0.0053880522,0.0385688147
call,100.000000,0.100000,0.500000,0.200000,0.300000,log B-spline,"d1, knots=12",0.0067867563,0.0063630060,0.0012296427,0.0065659468
call,100.000000,0.100000,0.500000,0.200000,0.300000,log Chebyshev,"d1, degree=7",0.0030645348,0.0029347229,0.0008960162,0.0065243539
call,100.000000,0.100000,0.500000,0.200000,0.300000,log polynomial,"spot, degree=9",0.0028708628,0.0028637490,0.0096510237,0.0569128172
call,100.000000,0.100000,0.500000,0.300000,0.200000,log B-spline,"d1, knots=12",0.0029633436,0.0027916539,0.0013704837,0.0071136497
call,100.000000,0.100000,0.500000,0.300000,0.200000,log Chebyshev,"d1, degree=7",0.0014711699,0.0014594056,0.0013965187,0.0165432767
call,100.000000,0.100000,0.500000,0.300000,0.200000,log polynomial,"spot, degree=9",0.0145851174,0.0102260589,0.0226088419,0.2595895463
call,100.000000,0.100000,0.500000,0.400000,0.100000,log B-spline,"d1, knots=12",0.0050241070,0.0049705103,0.0003516484,0.0011271640
call,100.000000,0.100000,0.500000,0.400000,0.100000,log Chebyshev,"d1, degree=7",0.0009470798,0.0009457844,0.0006744447,0.0048428084
call,100.000000,0.100000,0.500000,0.400000,0.100000,log polynomial,"spot, degree=9",0.0291219836,0.0205891075,0.0287834769,0.3600041756
call,100.000000,0.100000,1.000000,0.200000,0.800000,log B-spline,"d1, knots=12",0.0039338895,0.0039015802,0.0020934459,0.0074826990
call,100.000000,0.100000,1.000000,0.200000,0.800000,log Chebyshev,"d1, degree=7",0.0017999152,0.0017947851,0.0032147647,0.0299059430
call,100.000000,0.100000,1.000000,0.200000,0.800000,log polynomial,"spot, degree=9",0.0015853585,0.0013987594,0.0060623047,0.0592643882
call,100.000000,0.100000,1.000000,0.400000,0.600000,log B-spline,"d1, knots=12",0.0040276855,0.0039844673,0.0014344605,0.0050087934
call,100.000000,0.100000,1.000000,0.400000,0.600000,log Chebyshev,"d1, degree=7",0.0020049349,0.0019987571,0.0053298717,0.0500148210
call,100.000000,0.100000,1.000000,0.400000,0.600000,log polynomial,"spot, degree=9",0.0024916718,0.0014083851,0.0059246517,0.0797618367
call,100.000000,0.100000,1.000000,0.600000,0.400000,log B-spline,"d1, knots=12",0.0023792986,0.0023565095,0.0014542941,0.0091109642
call,100.000000,0.100000,1.000000,0.600000,0.400000,log Chebyshev,"d1, degree=7",0.0015326979,0.0015274547,0.0018326636,0.0107452643
call,100.000000,0.100000,1.000000,0.600000,0.400000,log polynomial,"spot, degree=9",0.0015984853,0.0014713179,0.0054221509,0.0411528936
call,100.000000,0.100000,1.000000,0.800000,0.200000,log B-spline,"d1, knots=12",0.0020267545,0.0019947722,0.0008895170,0.0038844813
call,100.000000,0.100000,1.000000,0.800000,0.200000,log Chebyshev,"d1, degree=7",0.0012748595,0.0012708806,0.0018262676,0.0224725871
call,100.000000,0.100000,1.000000,0.800000,0.200000,log polynomial,"spot, degree=9",0.0156127187,0.0110202417,0.0243138105,0.2778790488
call,100.000000,0.100000,2.000000,0.400000,1.600000,log B-spline,"d1, knots=12",0.0026712990,0.0026639633,0.0017076781,0.0091898626
call,100.000000,0.100000,2.000000,0.400000,1.600000,log Chebyshev,"d1, degree=7",0.0022170309,0.0022128369,0.0028820515,0.0271658178
call,100.000000,0.100000,2.000000,0.400000,1.600000,log polynomial,"spot, degree=9",0.0022327362,0.0022303275,0.0034893612,0.0219912013
call,100.000000,0.100000,2.000000,0.800000,1.200000,log B-spline,"d1, knots=12",0.0063658293,0.0061273514,0.0023363845,0.0133821613
call,100.000000,0.100000,2.000000,0.800000,1.200000,log Chebyshev,"d1, degree=7",0.0049272917,0.0046684048,0.0021347538,0.0205633717
call,100.000000,0.100000,2.000000,0.800000,1.200000,log polynomial,"spot, degree=9",0.0053916067,0.0052782252,0.0047137095,0.0297985365
call,100.000000,0.100000,2.000000,1.200000,0.800000,log B-spline,"d1, knots=12",0.0028261152,0.0028011570,0.0022410438,0.0090860262
call,100.000000,0.100000,2.000000,1.200000,0.800000,log Chebyshev,"d1, degree=7",0.0035357142,0.0035250153,0.0022477722,0.0115590393
call,100.000000,0.100000,2.000000,1.200000,0.800000,log polynomial,"spot, degree=9",0.0029361931,0.0028124541,0.0034263620,0.0419746621
call,100.000000,0.100000,2.000000,1.600000,0.400000,log B-spline,"d1, knots=12",0.0020776884,0.0020408504,0.0009448117,0.0039089979
call,100.000000,0.100000,2.000000,1.600000,0.400000,log Chebyshev,"d1, degree=7",0.0013988493,0.0013953237,0.0029950266,0.0293636785
call,100.000000,0.100000,2.000000,1.600000,0.400000,log polynomial,"spot, degree=9",0.0019131365,0.0014422943,0.0057646618,0.0492535678
call,100.000000,0.200000,0.500000,0.100000,0.400000,log B-spline,"d1, knots=12",0.0025215750,0.0025036799,0.0042307708,0.0147123439
call,100.000000,0.200000,0.500000,0.100000,0.400000,log Chebyshev,"d1, degree=7",0.0014362789,0.0014341736,0.0033143439,0.0232628174
call,100.000000,0.200000,0.500000,0.100000,0.400000,log polynomial,"spot, degree=9",0.0014477686,0.0014456315,0.0027453400,0.0114732929
call,100.000000,0.200000,0.500000,0.200000,0.300000,log B-spline,"d1, knots=12",0.0037485379,0.0037294003,0.0024711938,0.0090891658
call,100.000000,0.200000,0.500000,0.200000,0.300000,log Chebyshev,"d1, degree=7",0.0038675339,0.0037434723,0.0049664399,0.0589491671
call,100.000000,0.200000,0.500000,0.200000,0.300000,log polynomial,"spot, degree=9",0.0042033206,0.0041930146,0.0054337421,0.0286280484
call,100.000000,0.200000,0.500000,0.300000,0.200000,log B-spline,"d1, knots=12",0.0042368816,0.0042113010,0.0026339219,0.0117940317
call,100.000000,0.200000,0.500000,0.300000,0.200000,log Chebyshev,"d1, degree=7",0.0024312248,0.0023206478,0.0049995677,0.0456947372
call,100.000000,0.200000,0.500000,0.300000,0.200000,log polynomial,"spot, degree=9",0.0024108996,0.0023448691,0.0056140170,0.0468474636
call,100.000000,0.200000,0.500000,0.400000,0.100000,log B-spline,"d1, knots=12",0.0017953040,0.0017687441,0.0010627733,0.0044852711
call,100.000000,0.200000,0.500000,0.400000,0.100000,log Chebyshev,"d1, degree=7",0.0025706071,0.0024542650,0.0010767843,0.0039427139
call,100.000000,0.200000,0.500000,0.400000,0.100000,log polynomial,"spot, degree=9",0.0016856240,0.0014426306,0.0051660193,0.0440521257
call,100.000000,0.200000,1.000000,0.200000,0.800000,log B-spline,"d1, knots=12",0.0063724928,0.0062885017,0.0058955292,0.0339306064
call,100.000000,0.200000,1.000000,0.200000,0.800000,log Chebyshev,"d1, degree=7",0.0021061265,0.0021006914,0.0106518716,0.1110193670
call,100.000000,0.200000,1.000000,0.200000,0.800000,log polynomial,"spot, degree=9",0.0018581460,0.0018542515,0.0135087133,0.1276531308
call,100.000000,0.200000,1.000000,0.400000,0.600000,log B-spline,"d1, knots=12",0.0066014026,0.0065480628,0.0054044795,0.0294179193
call,100.000000,0.200000,1.000000,0.400000,0.600000,log Chebyshev,"d1, degree=7",0.0052815730,0.0052628866,0.0123839084,0.0960889030
call,100.000000,0.200000,1.000000,0.400000,0.600000,log polynomial,"spot, degree=9",0.0045997956,0.0045890781,0.0081145455,0.0371661239
call,100.000000,0.200000,1.000000,0.600000,0.400000,log B-spline,"d1, knots=12",0.0042615054,0.0042396483,0.0026382629,0.0152693486
call,100.000000,0.200000,1.000000,0.600000,0.400000,log Chebyshev,"d1, degree=7",0.0026620712,0.0026559325,0.0037896180,0.0606147580
call,100.000000,0.200000,1.000000,0.600000,0.400000,log polynomial,"spot, degree=9",0.0025767850,0.0025726772,0.0037714270,0.0139929465
call,100.000000,0.200000,1.000000,0.800000,0.200000,log B-spline,"d1, knots=12",0.0053389082,0.0052574225,0.0023070241,0.0093389762
call,100.000000,0.200000,1.000000,0.800000,0.200000,log Chebyshev,"d1, degree=7",0.0036079671,0.0033960734,0.0020067821,0.0064824766
call,100.000000,0.200000,1.000000,0.800000,0.200000,log polynomial,"spot, degree=9",0.0033078335,0.0031137816,0.0009090079,0.0055269028
call,100.000000,0.200000,2.000000,0.400000,1.600000,log B-spline,"d1, knots=12",0.0058540576,0.0058067815,0.0122318304,0.1420172599
call,100.000000,0.200000,2.000000,0.400000,1.600000,log Chebyshev,"d1, degree=7",0.0042226240,0.0042180252,0.0122238752,0.1337276267
call,100.000000,0.200000,2.000000,0.400000,1.600000,log polynomial,"spot, degree=9",0.0061655091,0.0061475471,0.0490070198,0.5342292099
call,100.000000,0.200000,2.000000,0.800000,1.200000,log B-spline,"d1, knots=12",0.0053739326,0.0053135741,0.0099257808,0.1175948301
call,100.000000,0.200000,2.000000,0.800000,1.200000,log Chebyshev,"d1, degree=7",0.0029847860,0.0029804412,0.0089986435,0.0497444573
call,100.000000,0.200000,2.000000,0.800000,1.200000,log polynomial,"spot, degree=9",0.0025830514,0.0025793827,0.0213061007,0.1882445783
call,100.000000,0.200000,2.000000,1.200000,0.800000,log B-spline,"d1, knots=12",0.0062007657,0.0060945647,0.0064670957,0.0333732586
call,100.000000,0.200000,2.000000,1.200000,0.800000,log Chebyshev,"d1, degree=7",0.0027509387,0.0027424048,0.0120034803,0.1706134463
call,100.000000,0.200000,2.000000,1.200000,0.800000,log polynomial,"spot, degree=9",0.0025555502,0.0025469023,0.0069940309,0.0727007846
call,100.000000,0.200000,2.000000,1.600000,0.400000,log B-spline,"d1, knots=12",0.0047114835,0.0044969382,0.0043924355,0.0253829311
call,100.000000,0.200000,2.000000,1.600000,0.400000,log Chebyshev,"d1, degree=7",0.0046058297,0.0043178613,0.0078277786,0.0879314055
call,100.000000,0.200000,2.000000,1.600000,0.400000,log polynomial,"spot, degree=9",0.0046010854,0.0043271387,0.0047172214,0.0189511031
call,100.000000,0.400000,0.500000,0.100000,0.400000,log B-spline,"d1, knots=12",0.0041913041,0.0041292986,0.0100618891,0.1621230277
call,100.000000,0.400000,0.500000,0.100000,0.400000,log Chebyshev,"d1, degree=7",0.0010661062,0.0010552886,0.0077910705,0.1465855668
call,100.000000,0.400000,0.500000,0.100000,0.400000,log polynomial,"spot, degree=9",0.0029031553,0.0024791816,0.0456963418,0.4058132756
call,100.000000,0.400000,0.500000,0.200000,0.300000,log B-spline,"d1, knots=12",0.0021501648,0.0021284596,0.0111404877,0.0697372200
call,100.000000,0.400000,0.500000,0.200000,0.300000,log Chebyshev,"d1, degree=7",0.0020284943,0.0020219350,0.0084307528,0.0710167676
call,100.000000,0.400000,0.500000,0.200000,0.300000,log polynomial,"spot, degree=9",0.0017960888,0.0016050822,0.0206851279,0.2035080970
call,100.000000,0.400000,0.500000,0.300000,0.200000,log B-spline,"d1, knots=12",0.0032049830,0.0031442244,0.0050524172,0.0564618157
call,100.000000,0.400000,0.500000,0.300000,0.200000,log Chebyshev,"d1, degree=7",0.0010156887,0.0009128312,0.0063052423,0.0919269952
call,100.000000,0.400000,0.500000,0.300000,0.200000,log polynomial,"spot, degree=9",0.0005574931,0.0005533229,0.0037291831,0.0448373518
call,100.000000,0.400000,0.500000,0.400000,0.100000,log B-spline,"d1, knots=12",0.0045806395,0.0044800927,0.0033326985,0.0147700731
call,100.000000,0.400000,0.500000,0.400000,0.100000,log Chebyshev,"d1, degree=7",0.0032364022,0.0030622308,0.0125209203,0.1433402620
call,100.000000,0.400000,0.500000,0.400000,0.100000,log polynomial,"spot, degree=9",0.0033389684,0.0031833598,0.0061708611,0.0633072663
call,100.000000,0.400000,1.000000,0.200000,0.800000,log B-spline,"d1, knots=12",0.0051001668,0.0050646570,0.0410595428,0.3178013394
call,100.000000,0.400000,1.000000,0.200000,0.800000,log Chebyshev,"d1, degree=7",0.0030127809,0.0028373653,0.0348665907,0.6159381383
call,100.000000,0.400000,1.000000,0.200000,0.800000,log polynomial,"spot, degree=9",0.0300668077,0.0269907835,0.6676697783,7.0933191359
call,100.000000,0.400000,1.000000,0.400000,0.600000,log B-spline,"d1, knots=12",0.0038707963,0.0038319003,0.0186029904,0.0976747402
call,100.000000,0.400000,1.000000,0.400000,0.600000,log Chebyshev,"d1, degree=7",0.0014425234,0.0014365979,0.0148272899,0.0618810271
call,100.000000,0.400000,1.000000,0.400000,0.600000,log polynomial,"spot, degree=9",0.0138184454,0.0118115754,0.2510656226,2.5946245608
call,100.000000,0.400000,1.000000,0.600000,0.400000,log B-spline,"d1, knots=12",0.0039612383,0.0039128610,0.0102648287,0.0875847999
call,100.000000,0.400000,1.000000,0.600000,0.400000,log Chebyshev,"d1, degree=7",0.0015050777,0.0015026419,0.0164666059,0.1998974939
call,100.000000,0.400000,1.000000,0.600000,0.400000,log polynomial,"spot, degree=9",0.0033778990,0.0033649533,0.0465722615,0.4335605007
call,100.000000,0.400000,1.000000,0.800000,0.200000,log B-spline,"d1, knots=12",0.0031208443,0.0030697124,0.0049033670,0.0500633575
call,100.000000,0.400000,1.000000,0.800000,0.200000,log Chebyshev,"d1, degree=7",0.0022007390,0.0020590921,0.0044294308,0.0162213432
call,100.000000,0.400000,1.000000,0.800000,0.200000,log polynomial,"spot, degree=9",0.0025591216,0.0024019681,0.0101440975,0.0611694411
call,100.000000,0.400000,2.000000,0.400000,1.600000,log B-spline,"d1, knots=12",0.0042173567,0.0041689404,0.0907590481,0.5830292089
call,100.000000,0.400000,2.000000,0.400000,1.600000,log Chebyshev,"d1, degree=7",0.0029991040,0.0029939733,0.0881947884,0.3523259614
call,100.000000,0.400000,2.000000,0.400000,1.600000,log polynomial,"spot, degree=9",0.1963861231,0.1915685407,6.9508796117,83.4768295310
call,100.000000,0.400000,2.000000,0.800000,1.200000,log B-spline,"d1, knots=12",0.0065220001,0.0064749421,0.0292266774,0.2987012366
call,100.000000,0.400000,2.000000,0.800000,1.200000,log Chebyshev,"d1, degree=7",0.0040040121,0.0039916387,0.0314770942,0.6689062663
call,100.000000,0.400000,2.000000,0.800000,1.200000,log polynomial,"spot, degree=9",0.0968396353,0.0942113375,2.7571510799,32.0621042962
call,100.000000,0.400000,2.000000,1.200000,0.800000,log B-spline,"d1, knots=12",0.0061075628,0.0060396234,0.0231960598,0.2553290606
call,100.000000,0.400000,2.000000,1.200000,0.800000,log Chebyshev,"d1, degree=7",0.0030493509,0.0030453352,0.0170755201,0.2262543748
call,100.000000,0.400000,2.000000,1.200000,0.800000,log polynomial,"spot, degree=9",0.0314419568,0.0252710954,0.6839611326,7.4177423817
call,100.000000,0.400000,2.000000,1.600000,0.400000,log B-spline,"d1, knots=12",0.0034905499,0.0034674151,0.0113368080,0.0923337910
call,100.000000,0.400000,2.000000,1.600000,0.400000,log Chebyshev,"d1, degree=7",0.0023315783,0.0023266997,0.0141838793,0.0925166163
call,100.000000,0.400000,2.000000,1.600000,0.400000,log polynomial,"spot, degree=9",0.0037943335,0.0028021995,0.0465532476,0.5509887122
call,120.000000,0.100000,0.500000,0.100000,0.400000,log B-spline,"d1, knots=12",0.0051350610,0.0048668331,0.0011045400,0.0058050030
call,120.000000,0.100000,0.500000,0.100000,0.400000,log Chebyshev,"d1, degree=7",0.0049001837,0.0046381194,0.0014339245,0.0054681802
call,120.000000,0.100000,0.500000,0.100000,0.400000,log polynomial,"spot, degree=9",0.0044394590,0.0041851930,0.0030765826,0.0408179373
call,120.000000,0.100000,0.500000,0.200000,0.300000,log B-spline,"d1, knots=12",0.0048046982,0.0047381047,0.0011610624,0.0045328292
call,120.000000,0.100000,0.500000,0.200000,0.300000,log Chebyshev,"d1, degree=7",0.0028208732,0.0026779147,0.0038074271,0.0478096213
call,120.000000,0.100000,0.500000,0.200000,0.300000,log polynomial,"spot, degree=9",0.0028311991,0.0028243502,0.0053818094,0.0543058582
call,120.000000,0.100000,0.500000,0.300000,0.200000,log B-spline,"d1, knots=12",0.0022242284,0.0022120986,0.0005002011,0.0028365749
call,120.000000,0.100000,0.500000,0.300000,0.200000,log Chebyshev,"d1, degree=7",0.0016585044,0.0016561602,0.0024634435,0.0268338695
call,120.000000,0.100000,0.500000,0.300000,0.200000,log polynomial,"spot, degree=9",0.0025289276,0.0025250974,0.0059361061,0.0246206107
call,120.000000,0.100000,0.500000,0.400000,0.100000,log B-spline,"d1, knots=12",0.0020722120,0.0020626178,0.0002896289,0.0011740397
call,120.000000,0.100000,0.500000,0.400000,0.100000,log Chebyshev,"d1, degree=7",0.0015358308,0.0015303944,0.0006928962,0.0074360537
call,120.000000,0.100000,0.500000,0.400000,0.100000,log polynomial,"spot, degree=9",0.0199089611,0.0140478526,0.0254530832,0.2953360266
call,120.000000,0.100000,1.000000,0.200000,0.800000,log B-spline,"d1, knots=12",0.0035089680,0.0033683146,0.0015058250,0.0039005658
call,120.000000,0.100000,1.000000,0.200000,0.800000,log Chebyshev,"d1, degree=7",0.0017975994,0.0016702881,0.0030220729,0.0191927158
call,120.000000,0.100000,1.000000,0.200000,0.800000,log polynomial,"spot, degree=9",0.0017452293,0.0016380423,0.0022118349,0.0109040337
call,120.000000,0.100000,1.000000,0.400000,0.600000,log B-spline,"d1, knots=12",0.0017407216,0.0017291485,0.0021816005,0.0088666336
call,120.000000,0.100000,1.000000,0.400000,0.600000,log Chebyshev,"d1, degree=7",0.0018053599,0.0016736077,0.0055288113,0.0693504608
call,120.000000,0.100000,1.000000,0.400000,0.600000,log polynomial,"spot, degree=9",0.0015811631,0.0015777820,0.0026457346,0.0236658216
call,120.000000,0.100000,1.000000,0.600000,0.400000,log B-spline,"d1, knots=12",0.0038572233,0.0038179655,0.0011644689,0.0051674187
call,120.000000,0.100000,1.000000,0.600000,0.400000,log Chebyshev,"d1, degree=7",0.0014929415,0.0014902719,0.0022115174,0.0227792296
call,120.000000,0.100000,1.000000,0.600000,0.400000,log polynomial,"spot, degree=9",0.0021416940,0.0018241172,0.0066296828,0.0661653184
call,120.000000,0.100000,1.000000,0.800000,0.200000,log B-spline,"d1, knots=12",0.0042259960,0.0041767294,0.0012774958,0.0063127730
call,120.000000,0.100000,1.000000,0.800000,0.200000,log Chebyshev,"d1, degree=7",0.0012430898,0.0011779559,0.0027029755,0.0251586632
call,120.000000,0.100000,1.000000,0.800000,0.200000,log polynomial,"spot, degree=9",0.0021957057,0.0021892202,0.0057919103,0.0238642974
call,120.000000,0.100000,2.000000,0.400000,1.600000,log B-spline,"d1, knots=12",0.0057209529,0.0056675504,0.0061410991,0.0355491706
call,120.000000,0.100000,2.000000,0.400000,1.600000,log Chebyshev,"d1, degree=7",0.0042991574,0.0042906080,0.0085931809,0.1005717768
call,120.000000,0.100000,2.000000,0.400000,1.600000,log polynomial,"spot, degree=9",0.0039535925,0.0039456717,0.0044035286,0.0139854854
call,120.000000,0.100000,2.000000,0.800000,1.200000,log B-spline,"d1, knots=12",0.0022408965,0.0022176251,0.0042053597,0.0222643509
call,120.000000,0.100000,2.000000,0.800000,1.200000,log Chebyshev,"d1, degree=7",0.0022910807,0.0022842842,0.0056082799,0.0545986100
call,120.000000,0.100000,2.000000,0.800000,1.200000,log polynomial,"spot, degree=9",0.0021514753,0.0021447716,0.0036131313,0.0164289637
call,120.000000,0.100000,2.000000,1.200000,0.800000,log B-spline,"d1, knots=12",0.0047541440,0.0046803792,0.0020820714,0.0079924242
call,120.000000,0.100000,2.000000,1.200000,0.800000,log Chebyshev,"d1, degree=7",0.0014086937,0.0013260548,0.0016697201,0.0100425229
call,120.000000,0.100000,2.000000,1.200000,0.800000,log polynomial,"spot, degree=9",0.0015909459,0.0015892758,0.0027641279,0.0189001223
call,120.000000,0.100000,2.000000,1.600000,0.400000,log B-spline,"d1, knots=12",0.0063216947,0.0062770211,0.0012459083,0.0047944101
call,120.000000,0.100000,2.000000,1.600000,0.400000,log Chebyshev,"d1, degree=7",0.0027869238,0.0027811267,0.0009402377,0.0080745659
call,120.000000,0.100000,2.000000,1.600000,0.400000,log polynomial,"spot, degree=9",0.0020218832,0.0018955931,0.0051946249,0.0574647937
call,120.000000,0.200000,0.500000,0.100000,0.400000,log B-spline,"d1, knots=12",0.0048081354,0.0047760990,0.0043661049,0.0158934023
call,120.000000,0.200000,0.500000,0.100000,0.400000,log Chebyshev,"d1, degree=7",0.0038050166,0.0037957711,0.0038432005,0.0245315637
call,120.000000,0.200000,0.500000,0.100000,0.400000,log polynomial,"spot, degree=9",0.0034601788,0.0034530946,0.0022232975,0.0177746683
call,120.000000,0.200000,0.500000,0.200000,0.300000,log B-spline,"d1, knots=12",0.0029228415,0.0028723933,0.0044585919,0.0209040309
call,120.000000,0.200000,0.500000,0.200000,0.300000,log Chebyshev,"d1, degree=7",0.0014616857,0.0014417813,0.0020934194,0.0290788825
call,120.000000,0.200000,0.500000,0.200000,0.300000,log polynomial,"spot, degree=9",0.0016555139,0.0015706188,0.0025903003,0.0339907470
call,120.000000,0.200000,0.500000,0.300000,0.200000,log B-spline,"d1, knots=12",0.0074570528,0.0073827255,0.0020163480,0.0094461840
call,120.000000,0.200000,0.500000,0.300000,0.200000,log Chebyshev,"d1, degree=7",0.0044356409,0.0044234135,0.0017141357,0.0061893855
call,120.000000,0.200000,0.500000,0.300000,0.200000,log polynomial,"spot, degree=9",0.0030854179,0.0030820557,0.0062682117,0.0610383638
call,120.000000,0.200000,0.500000,0.400000,0.100000,log B-spline,"d1, knots=12",0.0039205649,0.0038372550,0.0015502926,0.0057132219
call,120.000000,0.200000,0.500000,0.400000,0.100000,log Chebyshev,"d1, degree=7",0.0009226968,0.0009198053,0.0019359416,0.0238738920
call,120.000000,0.200000,0.500000,0.400000,0.100000,log polynomial,"spot, degree=9",0.0018980879,0.0012895057,0.0048586904,0.0595255911
call,120.000000,0.200000,1.000000,0.200000,0.800000,log B-spline,"d1, knots=12",0.0040596985,0.0040356167,0.0077854976,0.0421838877
call,120.000000,0.200000,1.000000,0.200000,0.800000,log Chebyshev,"d1, degree=7",0.0023788548,0.0023733253,0.0071553051,0.0341256855
call,120.000000,0.200000,1.000000,0.200000,0.800000,log polynomial,"spot, degree=9",0.0020841996,0.0020809048,0.0065331933,0.0322996300
call,120.000000,0.200000,1.000000,0.400000,0.600000,log B-spline,"d1, knots=12",0.0045570263,0.0044591389,0.0061729683,0.0282295459
call,120.000000,0.200000,1.000000,0.400000,0.600000,log Chebyshev,"d1, degree=7",0.0022104061,0.0020709530,0.0128805694,0.1282874874
call,120.000000,0.200000,1.000000,0.400000,0.600000,log polynomial,"spot, degree=9",0.0019503990,0.0018671751,0.0049751098,0.0203529836
call,120.000000,0.200000,1.000000,0.600000,0.400000,log B-spline,"d1, knots=12",0.0025761385,0.0025521062,0.0024985866,0.0096823230
call,120.000000,0.200000,1.000000,0.600000,0.400000,log Chebyshev,"d1, degree=7",0.0013252983,0.0013147336,0.0066690416,0.0756689999
call,120.000000,0.200000,1.000000,0.600000,0.400000,log polynomial,"spot, degree=9",0.0015502668,0.0014520946,0.0025431300,0.0138367850
call,120.000000,0.200000,1.000000,0.800000,0.200000,log B-spline,"d1, knots=12",0.0068520436,0.0067909775,0.0025084356,0.0144766236
call,120.000000,0.200000,1.000000,0.800000,0.200000,log Chebyshev,"d1, degree=7",0.0042978558,0.0042862291,0.0019039012,0.0075835440
call,120.000000,0.200000,1.000000,0.800000,0.200000,log polynomial,"spot, degree=9",0.0029158474,0.0029130447,0.0047607941,0.0409683196
call,120.000000,0.200000,2.000000,0.400000,1.600000,log B-spline,"d1, knots=12",0.0056772739,0.0054691457,0.0132215692,0.0825269295
call,120.000000,0.200000,2.000000,0.400000,1.600000,log Chebyshev,"d1, degree=7",0.0019456757,0.0018294912,0.0232337589,0.2178070533
call,120.000000,0.200000,2.000000,0.400000,1.600000,log polynomial,"spot, degree=9",0.0038785940,0.0036861541,0.0555080685,0.6365098114
call,120.000000,0.200000,2.000000,0.800000,1.200000,log B-spline,"d1, knots=12",0.0026899079,0.0026759568,0.0078676999,0.0656115047
call,120.000000,0.200000,2.000000,0.800000,1.200000,log Chebyshev,"d1, degree=7",0.0017008161,0.0016980134,0.0073216258,0.0527915536
call,120.000000,0.200000,2.000000,0.800000,1.200000,log polynomial,"spot, degree=9",0.0017240853,0.0017178568,0.0236302358,0.2139573863
call,120.000000,0.200000,2.000000,1.200000,0.800000,log B-spline,"d1, knots=12",0.0063023944,0.0062541973,0.0044589992,0.0356604933
call,120.000000,0.200000,2.000000,1.200000,0.800000,log Chebyshev,"d1, degree=7",0.0035173163,0.0035094588,0.0071225383,0.0416086014
call,120.000000,0.200000,2.000000,1.200000,0.800000,log polynomial,"spot, degree=9",0.0035286236,0.0035223265,0.0042560619,0.0229527687
call,120.000000,0.200000,2.000000,1.600000,0.400000,log B-spline,"d1, knots=12",0.0029607284,0.0028981494,0.0026402399,0.0193451642
call,120.000000,0.200000,2.000000,1.600000,0.400000,log Chebyshev,"d1, degree=7",0.0012578649,0.0012520886,0.0033864797,0.0235031335
call,120.000000,0.200000,2.000000,1.600000,0.400000,log polynomial,"spot, degree=9",0.0007677366,0.0007663564,0.0042732534,0.0276777989
call,120.000000,0.400000,0.500000,0.100000,0.400000,log B-spline,"d1, knots=12",0.0051003674,0.0050314813,0.0180284454,0.1126353155
call,120.000000,0.400000,0.500000,0.100000,0.400000,log Chebyshev,"d1, degree=7",0.0034473365,0.0034384214,0.0163727340,0.0643952564
call,120.000000,0.400000,0.500000,0.100000,0.400000,log polynomial,"spot, degree=9",0.0034922448,0.0029402366,0.0590711314,0.5820471245
call,120.000000,0.400000,0.500000,0.200000,0.300000,log B-spline,"d1, knots=12",0.0073462469,0.0072262507,0.0065009762,0.0260273494
call,120.000000,0.400000,0.500000,0.200000,0.300000,log Chebyshev,"d1, degree=7",0.0031104687,0.0031029041,0.0223527443,0.3153318201
call,120.000000,0.400000,0.500000,0.200000,0.300000,log polynomial,"spot, degree=9",0.0031195591,0.0031118949,0.0071054250,0.0396827098
call,120.000000,0.400000,0.500000,0.300000,0.200000,log B-spline,"d1, knots=12",0.0049812385,0.0049353003,0.0044979529,0.0414436119
call,120.000000,0.400000,0.500000,0.300000,0.200000,log Chebyshev,"d1, degree=7",0.0025081636,0.0025057279,0.0050864487,0.0230179992
call,120.000000,0.400000,0.500000,0.300000,0.200000,log polynomial,"spot, degree=9",0.0028491787,0.0028462429,0.0058968795,0.0341657576
call,120.000000,0.400000,0.500000,0.400000,0.100000,log B-spline,"d1, knots=12",0.0038173615,0.0037683266,0.0033194665,0.0272835385
call,120.000000,0.400000,0.500000,0.400000,0.100000,log Chebyshev,"d1, degree=7",0.0015020086,0.0014979331,0.0031494109,0.0183670156
call,120.000000,0.400000,0.500000,0.400000,0.100000,log polynomial,"spot, degree=9",0.0013398373,0.0013362735,0.0072225699,0.0897636902
call,120.000000,0.400000,1.000000,0.200000,0.800000,log B-spline,"d1, knots=12",0.0051808192,0.0050817460,0.0416511279,0.3532138902
call,120.000000,0.400000,1.000000,0.200000,0.800000,log Chebyshev,"d1, degree=7",0.0016892816,0.0016018860,0.0393907625,0.4963870197
call,120.000000,0.400000,1.000000,0.200000,0.800000,log polynomial,"spot, degree=9",0.0322848868,0.0258456314,0.8396731255,9.1399262991
call,120.000000,0.400000,1.000000,0.400000,0.600000,log B-spline,"d1, knots=12",0.0043812778,0.0043571569,0.0144839526,0.0596984851
call,120.000000,0.400000,1.000000,0.400000,0.600000,log Chebyshev,"d1, degree=7",0.0028638957,0.0028561217,0.0103883184,0.1064127273
call,120.000000,0.400000,1.000000,0.400000,0.600000,log polynomial,"spot, degree=9",0.0128446092,0.0110167471,0.2781197567,2.8941262841
call,120.000000,0.400000,1.000000,0.600000,0.400000,log B-spline,"d1, knots=12",0.0072407002,0.0070925964,0.0100113043,0.0445579269
call,120.000000,0.400000,1.000000,0.600000,0.400000,log Chebyshev,"d1, degree=7",0.0061822806,0.0057954316,0.0072500467,0.0357461894
call,120.000000,0.400000,1.000000,0.600000,0.400000,log polynomial,"spot, degree=9",0.0064021525,0.0063856230,0.0851396797,0.9358651542
call,120.000000,0.400000,1.000000,0.800000,0.200000,log B-spline,"d1, knots=12",0.0063223392,0.0059274708,0.0068275235,0.0317738293
call,120.000000,0.400000,1.000000,0.800000,0.200000,log Chebyshev,"d1, degree=7",0.0045065670,0.0042142226,0.0241491272,0.2710780624
call,120.000000,0.400000,1.000000,0.800000,0.200000,log polynomial,"spot, degree=9",0.0046305706,0.0043263497,0.0192744961,0.1532298759
call,120.000000,0.400000,2.000000,0.400000,1.600000,log B-spline,"d1, knots=12",0.0081397317,0.0080122362,0.1073930356,0.6105163566
call,120.000000,0.400000,2.000000,0.400000,1.600000,log Chebyshev,"d1, degree=7",0.0044760811,0.0044624470,0.0667368418,0.3556288982
call,120.000000,0.400000,2.000000,0.400000,1.600000,log polynomial,"spot, degree=9",0.1954869677,0.1939728648,8.2938547742,99.7135562122
call,120.000000,0.400000,2.000000,0.800000,1.200000,log B-spline,"d1, knots=12",0.0058140090,0.0057553012,0.0511148477,0.4196028244
call,120.000000,0.400000,2.000000,0.800000,1.200000,log Chebyshev,"d1, degree=7",0.0027257413,0.0025491518,0.0425954855,0.6959129349
call,120.000000,0.400000,2.000000,0.800000,1.200000,log polynomial,"spot, degree=9",0.0982718571,0.0924611667,3.3583729837,39.0435489207
call,120.000000,0.400000,2.000000,1.200000,0.800000,log B-spline,"d1, knots=12",0.0049784393,0.0049205872,0.0233314438,0.1162167408
call,120.000000,0.400000,2.000000,1.200000,0.800000,log Chebyshev,"d1, degree=7",0.0029503090,0.0021891734,0.0601710014,0.8669336762
call,120.000000,0.400000,2.000000,1.200000,0.800000,log polynomial,"spot, degree=9",0.0318155041,0.0252385618,0.8220548195,9.0070429601
call,120.000000,0.400000,2.000000,1.600000,0.400000,log B-spline,"d1, knots=12",0.0058562531,0.0057642402,0.0140547465,0.0661870259
call,120.000000,0.400000,2.000000,1.600000,0.400000,log Chebyshev,"d1, degree=7",0.0051306023,0.0048441111,0.0100305180,0.0590671148
call,120.000000,0.400000,2.000000,1.600000,0.400000,log polynomial,"spot, degree=9",0.0059336813,0.0059138940,0.0649490156,0.7117400799
put,80.000000,0.100000,0.500000,0.100000,0.400000,log B-spline,"d1, knots=12",0.0040959575,0.0040535406,0.0006235317,0.0032889935
put,80.000000,0.100000,0.500000,0.100000,0.400000,log Chebyshev,"d1, degree=7",0.0024030645,0.0023958336,0.0006611141,0.0041822650
put,80.000000,0.100000,0.500000,0.100000,0.400000,log polynomial,"spot, degree=9",0.0115803313,0.0079227252,0.0171783675,0.1917656303
put,80.000000,0.100000,0.500000,0.200000,0.300000,log B-spline,"d1, knots=12",0.0055347528,0.0055025960,0.0009059127,0.0045062348
put,80.000000,0.100000,0.500000,0.200000,0.300000,log Chebyshev,"d1, degree=7",0.0034915403,0.0034854250,0.0019736659,0.0172064041
put,80.000000,0.100000,0.500000,0.200000,0.300000,log polynomial,"spot, degree=9",0.0154652208,0.0107574285,0.0196675854,0.2261062340
put,80.000000,0.100000,0.500000,0.300000,0.200000,log B-spline,"d1, knots=12",0.0050464681,0.0047072551,0.0007663022,0.0035679296
put,80.000000,0.100000,0.500000,0.300000,0.200000,log Chebyshev,"d1, degree=7",0.0023050295,0.0021920042,0.0008363059,0.0031260336
put,80.000000,0.100000,0.500000,0.300000,0.200000,log polynomial,"spot, degree=9",0.0162531702,0.0109066704,0.0196872053,0.1983387922
put,80.000000,0.100000,0.500000,0.400000,0.100000,log B-spline,"d1, knots=12",0.0032083057,0.0031286004,0.0002756220,0.0010622588
put,80.000000,0.100000,0.500000,0.400000,0.100000,log Chebyshev,"d1, degree=7",0.0021606969,0.0021261608,0.0011986684,0.0105194623
put,80.000000,0.100000,0.500000,0.400000,0.100000,log polynomial,"spot, degree=9",0.0189778783,0.0184180246,0.0231881719,0.1062359814
put,80.000000,0.100000,1.000000,0.200000,0.800000,log B-spline,"d1, knots=12",0.0023448844,0.0023042785,0.0012526678,0.0056280488
put,80.000000,0.100000,1.000000,0.200000,0.800000,log Chebyshev,"d1, degree=7",0.0015636236,0.0014896276,0.0013856621,0.0096762712
put,80.000000,0.100000,1.000000,0.200000,0.800000,log polynomial,"spot, degree=9",0.0047356405,0.0031447251,0.0105398802,0.1040428199
put,80.000000,0.100000,1.000000,0.400000,0.600000,log B-spline,"d1, knots=12",0.0031644859,0.0030986767,0.0006781934,0.0034169280
put,80.000000,0.100000,1.000000,0.400000,0.600000,log Chebyshev,"d1, degree=7",0.0019036611,0.0013538870,0.0037692634,0.0373235031
put,80.000000,0.100000,1.000000,0.400000,0.600000,log polynomial,"spot, degree=9",0.0077610250,0.0052038393,0.0142930170,0.1521639747
put,80.000000,0.100000,1.000000,0.600000,0.400000,log B-spline,"d1, knots=12",0.0059858072,0.0057617866,0.0010418078,0.0052186958
put,80.000000,0.100000,1.000000,0.600000,0.400000,log Chebyshev,"d1, degree=7",0.0006866478,0.0003958765,0.0011030104,0.0113706114
put,80.000000,0.100000,1.000000,0.600000,0.400000,log polynomial,"spot, degree=9",0.0114026334,0.0077532141,0.0171103583,0.1888230254
put,80.000000,0.100000,1.000000,0.800000,0.200000,log B-spline,"d1, knots=12",0.0038061038,0.0037503061,0.0006775425,0.0031854635
put,80.000000,0.100000,1.000000,0.800000,0.200000,log Chebyshev,"d1, degree=7",0.0015902678,0.0015858273,0.0005145837,0.0020584252
put,80.000000,0.100000,1.000000,0.800000,0.200000,log polynomial,"spot, degree=9",0.0153229725,0.0101695395,0.0190386600,0.1869875110
put,80.000000,0.100000,2.000000,0.400000,1.600000,log B-spline,"d1, knots=12",0.0055940577,0.0055237965,0.0013791639,0.0074122600
put,80.000000,0.100000,2.000000,0.400000,1.600000,log Chebyshev,"d1, degree=7",0.0049605728,0.0049503732,0.0035791388,0.0332544045
put,80.000000,0.100000,2.000000,0.400000,1.600000,log polynomial,"spot, degree=9",0.0054787505,0.0054602733,0.0035158370,0.0273189884
put,80.000000,0.100000,2.000000,0.800000,1.200000,log B-spline,"d1, knots=12",0.0021143737,0.0020882507,0.0008520474,0.0032826059
put,80.000000,0.100000,2.000000,0.800000,1.200000,log Chebyshev,"d1, degree=7",0.0009593473,0.0009548049,0.0007797830,0.0064056891
put,80.000000,0.100000,2.000000,0.800000,1.200000,log polynomial,"spot, degree=9",0.0015250268,0.0010755827,0.0044927578,0.0389045221
put,80.000000,0.100000,2.000000,1.200000,0.800000,log B-spline,"d1, knots=12",0.0016328363,0.0016302143,0.0007661781,0.0023298820
put,80.000000,0.100000,2.000000,1.200000,0.800000,log Chebyshev,"d1, degree=7",0.0018295089,0.0017476455,0.0013498819,0.0096158430
put,80.000000,0.100000,2.000000,1.200000,0.800000,log polynomial,"spot, degree=9",0.0048886933,0.0033368919,0.0101215433,0.1074054172
put,80.000000,0.100000,2.000000,1.600000,0.400000,log B-spline,"d1, knots=12",0.0080564934,0.0080163452,0.0007446187,0.0030132508
put,80.000000,0.100000,2.000000,1.600000,0.400000,log Chebyshev,"d1, degree=7",0.0045356564,0.0045234975,0.0053327753,0.0568249666
put,80.000000,0.100000,2.000000,1.600000,0.400000,log polynomial,"spot, degree=9",0.0107540670,0.0072884673,0.0160634052,0.1780830265
put,80.000000,0.200000,0.500000,0.100000,0.400000,log B-spline,"d1, knots=12",0.0074336626,0.0073484040,0.0015732628,0.0076130224
put,80.000000,0.200000,0.500000,0.100000,0.400000,log Chebyshev,"d1, degree=7",0.0029001444,0.0028893123,0.0031750207,0.0207298934
put,80.000000,0.200000,0.500000,0.100000,0.400000,log polynomial,"spot, degree=9",0.0029402649,0.0029302874,0.0017546822,0.0050679915
put,80.000000,0.200000,0.500000,0.200000,0.300000,log B-spline,"d1, knots=12",0.0023964785,0.0023929843,0.0008783660,0.0031966083
put,80.000000,0.200000,0.500000,0.200000,0.300000,log Chebyshev,"d1, degree=7",0.0027237376,0.0027182566,0.0037036403,0.0391268854
put,80.000000,0.200000,0.500000,0.200000,0.300000,log polynomial,"spot, degree=9",0.0029526440,0.0029469288,0.0068119315,0.0574038831
put,80.000000,0.200000,0.500000,0.300000,0.200000,log B-spline,"d1, knots=12",0.0016967862,0.0016905474,0.0004792868,0.0040795406
put,80.000000,0.200000,0.500000,0.300000,0.200000,log Chebyshev,"d1, degree=7",0.0011686862,0.0008706105,0.0024866991,0.0264581900
put,80.000000,0.200000,0.500000,0.300000,0.200000,log polynomial,"spot, degree=9",0.0049891555,0.0033403689,0.0115077411,0.1129507888
put,80.000000,0.200000,0.500000,0.400000,0.100000,log B-spline,"d1, knots=12",0.0068087782,0.0065626538,0.0006871829,0.0032728819
put,80.000000,0.200000,0.500000,0.400000,0.100000,log Chebyshev,"d1, degree=7",0.0062493050,0.0058863089,0.0015883026,0.0141909008
put,80.000000,0.200000,0.500000,0.400000,0.100000,log polynomial,"spot, degree=9",0.0109593600,0.0075515664,0.0160175373,0.1842253532
put,80.000000,0.200000,1.000000,0.200000,0.800000,log B-spline,"d1, knots=12",0.0038974180,0.0038211928,0.0022987146,0.0088931221
put,80.000000,0.200000,1.000000,0.200000,0.800000,log Chebyshev,"d1, degree=7",0.0011729237,0.0011696297,0.0030686581,0.0249614338
put,80.000000,0.200000,1.000000,0.200000,0.800000,log polynomial,"spot, degree=9",0.0010822433,0.0010794475,0.0022339045,0.0075986654
put,80.000000,0.200000,1.000000,0.400000,0.600000,log B-spline,"d1, knots=12",0.0052433495,0.0051700391,0.0031170324,0.0131047796
put,80.000000,0.200000,1.000000,0.400000,0.600000,log Chebyshev,"d1, degree=7",0.0031949478,0.0031871897,0.0026899352,0.0279750026
put,80.000000,0.200000,1.000000,0.400000,0.600000,log polynomial,"spot, degree=9",0.0027384649,0.0027340234,0.0009257035,0.0025217804
put,80.000000,0.200000,1.000000,0.600000,0.400000,log B-spline,"d1, knots=12",0.0052530816,0.0052192529,0.0024625214,0.0117445508
put,80.000000,0.200000,1.000000,0.600000,0.400000,log Chebyshev,"d1, degree=7",0.0030376543,0.0028904454,0.0050053415,0.0487950311
put,80.000000,0.200000,1.000000,0.600000,0.400000,log polynomial,"spot, degree=9",0.0027154533,0.0025504732,0.0038166585,0.0137799050
put,80.000000,0.200000,1.000000,0.800000,0.200000,log B-spline,"d1, knots=12",0.0034870782,0.0033447373,0.0008925924,0.0030347175
put,80.000000,0.200000,1.000000,0.800000,0.200000,log Chebyshev,"d1, degree=7",0.0017795006,0.0017101355,0.0023208663,0.0202520258
put,80.000000,0.200000,1.000000,0.800000,0.200000,log polynomial,"spot, degree=9",0.0048387127,0.0032148899,0.0113084458,0.1095448743
put,80.000000,0.200000,2.000000,0.400000,1.600000,log B-spline,"d1, knots=12",0.0030771172,0.0030450432,0.0025474494,0.0105170955
put,80.000000,0.200000,2.000000,0.400000,1.600000,log Chebyshev,"d1, degree=7",0.0018467191,0.0015030738,0.0097450406,0.0848271580
put,80.000000,0.200000,2.000000,0.400000,1.600000,log polynomial,"spot, degree=9",0.0016826426,0.0016123529,0.0019791726,0.0114262146
put,80.000000,0.200000,2.000000,0.800000,1.200000,log B-spline,"d1, knots=12",0.0061704901,0.0060003726,0.0016734977,0.0067026682
put,80.000000,0.200000,2.000000,0.800000,1.200000,log Chebyshev,"d1, degree=7",0.0015739137,0.0015707549,0.0050603134,0.0388992892
put,80.000000,0.200000,2.000000,0.800000,1.200000,log polynomial,"spot, degree=9",0.0047514132,0.0044774435,0.0012504326,0.0037638695
put,80.000000,0.200000,2.000000,1.200000,0.800000,log B-spline,"d1, knots=12",0.0045494180,0.0044668122,0.0019760182,0.0060166249
put,80.000000,0.200000,2.000000,1.200000,0.800000,log Chebyshev,"d1, degree=7",0.0015873134,0.0015848211,0.0018244138,0.0117996377
put,80.000000,0.200000,2.000000,1.200000,0.800000,log polynomial,"spot, degree=9",0.0023317934,0.0023099295,0.0047582347,0.0277815558
put,80.000000,0.200000,2.000000,1.600000,0.400000,log B-spline,"d1, knots=12",0.0054039278,0.0051063782,0.0012853625,0.0050936674
put,80.000000,0.200000,2.000000,1.600000,0.400000,log Chebyshev,"d1, degree=7",0.0027766539,0.0026255962,0.0007854180,0.0037270350
put,80.000000,0.200000,2.000000,1.600000,0.400000,log polynomial,"spot, degree=9",0.0028053952,0.0026514055,0.0023283173,0.0141337160
put,80.000000,0.400000,0.500000,0.100000,0.400000,log B-spline,"d1, knots=12",0.0103962842,0.0101574531,0.0039194015,0.0117446395
put,80.000000,0.400000,0.500000,0.100000,0.400000,log Chebyshev,"d1, degree=7",0.0033616233,0.0033452130,0.0067915655,0.0553925251
put,80.000000,0.400000,0.500000,0.100000,0.400000,log polynomial,"spot, degree=9",0.0077893644,0.0073966218,0.0114059127,0.0991573468
put,80.000000,0.400000,0.500000,0.200000,0.300000,log B-spline,"d1, knots=12",0.0121843842,0.0116999927,0.0031626150,0.0145948061
put,80.000000,0.400000,0.500000,0.200000,0.300000,log Chebyshev,"d1, degree=7",0.0073683646,0.0071104798,0.0105565189,0.0702364701
put,80.000000,0.400000,0.500000,0.200000,0.300000,log polynomial,"spot, degree=9",0.0102197782,0.0097674733,0.0023876152,0.0201161236
put,80.000000,0.400000,0.500000,0.300000,0.200000,log B-spline,"d1, knots=12",0.0092913832,0.0085960039,0.0020803235,0.0082691651
put,80.000000,0.400000,0.500000,0.300000,0.200000,log Chebyshev,"d1, degree=7",0.0048543768,0.0048441984,0.0047311013,0.0402462795
put,80.000000,0.400000,0.500000,0.300000,0.200000,log polynomial,"spot, degree=9",0.0070121296,0.0069083088,0.0041856032,0.0314664924
put,80.000000,0.400000,0.500000,0.400000,0.100000,log B-spline,"d1, knots=12",0.0042907533,0.0042526416,0.0018387434,0.0079015856
put,80.000000,0.400000,0.500000,0.400000,0.100000,log Chebyshev,"d1, degree=7",0.0028608635,0.0028490350,0.0026977092,0.0257302399
put,80.000000,0.400000,0.500000,0.400000,0.100000,log polynomial,"spot, degree=9",0.0032339042,0.0032161698,0.0032426838,0.0258911557
put,80.000000,0.400000,1.000000,0.200000,0.800000,log B-spline,"d1, knots=12",0.0035553357,0.0034656897,0.0036458605,0.0161734801
put,80.000000,0.400000,1.000000,0.200000,0.800000,log Chebyshev,"d1, degree=7",0.0014805340,0.0014143896,0.0052832580,0.0451526508
put,80.000000,0.400000,1.000000,0.200000,0.800000,log polynomial,"spot, degree=9",0.0043542336,0.0039949880,0.0041546168,0.0132530274
put,80.000000,0.400000,1.000000,0.400000,0.600000,log B-spline,"d1, knots=12",0.0061325554,0.0059804315,0.0052438669,0.0213834140
put,80.000000,0.400000,1.000000,0.400000,0.600000,log Chebyshev,"d1, degree=7",0.0016168647,0.0016026378,0.0115843137,0.0857109878
put,80.000000,0.400000,1.000000,0.400000,0.600000,log polynomial,"spot, degree=9",0.0063443321,0.0062142859,0.0078621882,0.0712524751
put,80.000000,0.400000,1.000000,0.600000,0.400000,log B-spline,"d1, knots=12",0.0060524975,0.0059541717,0.0030717075,0.0197650132
put,80.000000,0.400000,1.000000,0.600000,0.400000,log Chebyshev,"d1, degree=7",0.0019218596,0.0019187821,0.0020922627,0.0063277615
put,80.000000,0.400000,1.000000,0.600000,0.400000,log polynomial,"spot, degree=9",0.0034136239,0.0033966043,0.0046068814,0.0297410266
put,80.000000,0.400000,1.000000,0.800000,0.200000,log B-spline,"d1, knots=12",0.0076068172,0.0071513980,0.0011176861,0.0039779092
put,80.000000,0.400000,1.000000,0.800000,0.200000,log Chebyshev,"d1, degree=7",0.0031019896,0.0028957429,0.0049207966,0.0458938582
put,80.000000,0.400000,1.000000,0.800000,0.200000,log polynomial,"spot, degree=9",0.0056475219,0.0055462046,0.0016626609,0.0062933085
put,80.000000,0.400000,2.000000,0.400000,1.600000,log B-spline,"d1, knots=12",0.0154721091,0.0115565762,0.0071888036,0.0370279319
put,80.000000,0.400000,2.000000,0.400000,1.600000,log Chebyshev,"d1, degree=7",0.0063206548,0.0050305747,0.0238732886,0.1760643595
put,80.000000,0.400000,2.000000,0.400000,1.600000,log polynomial,"spot, degree=9",0.0149090064,0.0141973545,0.0235059794,0.1645537558
put,80.000000,0.400000,2.000000,0.800000,1.200000,log B-spline,"d1, knots=12",0.0043616205,0.0043436237,0.0025864590,0.0116485302
put,80.000000,0.400000,2.000000,0.800000,1.200000,log Chebyshev,"d1, degree=7",0.0041115015,0.0041042491,0.0078828473,0.0515297130
put,80.000000,0.400000,2.000000,0.800000,1.200000,log polynomial,"spot, degree=9",0.0045391468,0.0045221739,0.0106881945,0.0602750626
put,80.000000,0.400000,2.000000,1.200000,0.800000,log B-spline,"d1, knots=12",0.0034559233,0.0034209084,0.0045508456,0.0176131165
put,80.000000,0.400000,2.000000,1.200000,0.800000,log Chebyshev,"d1, degree=7",0.0024775224,0.0024664956,0.0069980744,0.0399894028
put,80.000000,0.400000,2.000000,1.200000,0.800000,log polynomial,"spot, degree=9",0.0037043744,0.0031306990,0.0052707690,0.0205117746
put,80.000000,0.400000,2.000000,1.600000,0.400000,log B-spline,"d1, knots=12",0.0072910991,0.0071304561,0.0027663794,0.0202462509
put,80.000000,0.400000,2.000000,1.600000,0.400000,log Chebyshev,"d1, degree=7",0.0009127606,0.0009086615,0.0039912399,0.0391663021
put,80.000000,0.400000,2.000000,1.600000,0.400000,log polynomial,"spot, degree=9",0.0052390991,0.0051368900,0.0036774969,0.0195816519
put,100.000000,0.100000,0.500000,0.100000,0.400000,log B-spline,"d1, knots=12",0.0044317040,0.0041673359,0.0007265882,0.0029943827
put,100.000000,0.100000,0.500000,0.100000,0.400000,log Chebyshev,"d1, degree=7",0.0021905663,0.0020757041,0.0037301583,0.0395230575
put,100.000000,0.100000,0.500000,0.100000,0.400000,log polynomial,"spot, degree=9",0.0090594750,0.0060361519,0.0179236941,0.1875265805
put,100.000000,0.100000,0.500000,0.200000,0.300000,log B-spline,"d1, knots=12",0.0057206761,0.0054516082,0.0007137216,0.0037222076
put,100.000000,0.100000,0.500000,0.200000,0.300000,log Chebyshev,"d1, degree=7",0.0015694026,0.0009411515,0.0028184841,0.0286814297
put,100.000000,0.100000,0.500000,0.200000,0.300000,log polynomial,"spot, degree=9",0.0099849351,0.0066741107,0.0170112930,0.1824784871
put,100.000000,0.100000,0.500000,0.300000,0.200000,log B-spline,"d1, knots=12",0.0035489139,0.0034950717,0.0009014888,0.0045256912
put,100.000000,0.100000,0.500000,0.300000,0.200000,log Chebyshev,"d1, degree=7",0.0016328824,0.0016273200,0.0008931672,0.0042125228
put,100.000000,0.100000,0.500000,0.300000,0.200000,log polynomial,"spot, degree=9",0.0127355630,0.0085539953,0.0185632130,0.1942664217
put,100.000000,0.100000,0.500000,0.400000,0.100000,log B-spline,"d1, knots=12",0.0016196204,0.0016103117,0.0007760772,0.0045797795
put,100.000000,0.100000,0.500000,0.400000,0.100000,log Chebyshev,"d1, degree=7",0.0014535099,0.0014429627,0.0009400626,0.0065277387
put,100.000000,0.100000,0.500000,0.400000,0.100000,log polynomial,"spot, degree=9",0.0145531915,0.0140084447,0.0186224732,0.0696418388
put,100.000000,0.100000,1.000000,0.200000,0.800000,log B-spline,"d1, knots=12",0.0023386406,0.0023170460,0.0011078880,0.0043017758
put,100.000000,0.100000,1.000000,0.200000,0.800000,log Chebyshev,"d1, degree=7",0.0007340467,0.0006281865,0.0025367510,0.0201589132
put,100.000000,0.100000,1.000000,0.200000,0.800000,log polynomial,"spot, degree=9",0.0030121663,0.0020055042,0.0085096517,0.0827222510
put,100.000000,0.100000,1.000000,0.400000,0.600000,log B-spline,"d1, knots=12",0.0031278751,0.0031144180,0.0008005391,0.0030692153
put,100.000000,0.100000,1.000000,0.400000,0.600000,log Chebyshev,"d1, degree=7",0.0022551538,0.0022514051,0.0022315448,0.0193478120
put,100.000000,0.100000,1.000000,0.400000,0.600000,log polynomial,"spot, degree=9",0.0050471864,0.0033914050,0.0119352409,0.1236949912
put,100.000000,0.100000,1.000000,0.600000,0.400000,log B-spline,"d1, knots=12",0.0036309118,0.0035633148,0.0004693004,0.0020319038
put,100.000000,0.100000,1.000000,0.600000,0.400000,log Chebyshev,"d1, degree=7",0.0011891822,0.0011865536,0.0010373068,0.0037225200
put,100.000000,0.100000,1.000000,0.600000,0.400000,log polynomial,"spot, degree=9",0.0080654820,0.0053801559,0.0153573950,0.1669514242
put,100.000000,0.100000,1.000000,0.800000,0.200000,log B-spline,"d1, knots=12",0.0054281052,0.0053633837,0.0006148090,0.0026718303
put,100.000000,0.100000,1.000000,0.800000,0.200000,log Chebyshev,"d1, degree=7",0.0020053950,0.0020002832,0.0018659514,0.0168477691
put,100.000000,0.100000,1.000000,0.800000,0.200000,log polynomial,"spot, degree=9",0.0130359856,0.0088488727,0.0180290020,0.1988490249
put,100.000000,0.100000,2.000000,0.400000,1.600000,log B-spline,"d1, knots=12",0.0016045792,0.0015814747,0.0014383696,0.0078641613
put,100.000000,0.100000,2.000000,0.400000,1.600000,log Chebyshev,"d1, degree=7",0.0010847683,0.0010813669,0.0016751404,0.0109253966
put,100.000000,0.100000,2.000000,0.400000,1.600000,log polynomial,"spot, degree=9",0.0011552087,0.0011513975,0.0025501259,0.0119307736
put,100.000000,0.100000,2.000000,0.800000,1.200000,log B-spline,"d1, knots=12",0.0025687427,0.0025383657,0.0007702972,0.0031398362
put,100.000000,0.100000,2.000000,0.800000,1.200000,log Chebyshev,"d1, degree=7",0.0029129258,0.0027258879,0.0012095954,0.0094658265
put,100.000000,0.100000,2.000000,0.800000,1.200000,log polynomial,"spot, degree=9",0.0023178135,0.0022975323,0.0055205250,0.0467057846
put,100.000000,0.100000,2.000000,1.200000,0.800000,log B-spline,"d1, knots=12",0.0019198858,0.0019070972,0.0013160066,0.0052673449
put,100.000000,0.100000,2.000000,1.200000,0.800000,log Chebyshev,"d1, degree=7",0.0014910980,0.0014870422,0.0015627968,0.0152025584
put,100.000000,0.100000,2.000000,1.200000,0.800000,log polynomial,"spot, degree=9",0.0026991401,0.0020985128,0.0073390497,0.0741257037
put,100.000000,0.100000,2.000000,1.600000,0.400000,log B-spline,"d1, knots=12",0.0026734796,0.0026330879,0.0007090659,0.0046489780
put,100.000000,0.100000,2.000000,1.600000,0.400000,log Chebyshev,"d1, degree=7",0.0009059146,0.0007597022,0.0020942004,0.0187519776
put,100.000000,0.100000,2.000000,1.600000,0.400000,log polynomial,"spot, degree=9",0.0083429796,0.0055485785,0.0162990487,0.1726954848
put,100.000000,0.200000,0.500000,0.100000,0.400000,log B-spline,"d1, knots=12",0.0051396160,0.0050868610,0.0019241485,0.0066655107
put,100.000000,0.200000,0.500000,0.100000,0.400000,log Chebyshev,"d1, degree=7",0.0015676643,0.0015615815,0.0022245779,0.0179615639
put,100.000000,0.200000,0.500000,0.100000,0.400000,log polynomial,"spot, degree=9",0.0021413528,0.0021311321,0.0045186008,0.0316081948
put,100.000000,0.200000,0.500000,0.200000,0.300000,log B-spline,"d1, knots=12",0.0049323718,0.0049057067,0.0026305172,0.0108157644
put,100.000000,0.200000,0.500000,0.200000,0.300000,log Chebyshev,"d1, degree=7",0.0035001671,0.0034912075,0.0060914971,0.0506019175
put,100.000000,0.200000,0.500000,0.200000,0.300000,log polynomial,"spot, degree=9",0.0027721829,0.0027697709,0.0032998423,0.0217483773
put,100.000000,0.200000,0.500000,0.300000,0.200000,log B-spline,"d1, knots=12",0.0042459151,0.0040705798,0.0016559887,0.0109153650
put,100.000000,0.200000,0.500000,0.300000,0.200000,log Chebyshev,"d1, degree=7",0.0022220237,0.0021060018,0.0011969181,0.0070550142
put,100.000000,0.200000,0.500000,0.300000,0.200000,log polynomial,"spot, degree=9",0.0024611286,0.0016398038,0.0069358286,0.0696476622
put,100.000000,0.200000,0.500000,0.400000,0.100000,log B-spline,"d1, knots=12",0.0082374860,0.0081322990,0.0008550923,0.0036019380
put,100.000000,0.200000,0.500000,0.400000,0.100000,log Chebyshev,"d1, degree=7",0.0031681359,0.0024548286,0.0066626861,0.0665699189
put,100.000000,0.200000,0.500000,0.400000,0.100000,log polynomial,"spot, degree=9",0.0083096952,0.0054654931,0.0172735402,0.1746060609
put,100.000000,0.200000,1.000000,0.200000,0.800000,log B-spline,"d1, knots=12",0.0061685380,0.0061069425,0.0020775124,0.0080370040
put,100.000000,0.200000,1.000000,0.200000,0.800000,log Chebyshev,"d1, degree=7",0.0028969341,0.0028513363,0.0048369803,0.0379283175
put,100.000000,0.200000,1.000000,0.200000,0.800000,log polynomial,"spot, degree=9",0.0045233072,0.0045017187,0.0031199874,0.0223889039
put,100.000000,0.200000,1.000000,0.400000,0.600000,log B-spline,"d1, knots=12",0.0039503972,0.0039325840,0.0018186928,0.0115165979
put,100.000000,0.200000,1.000000,0.400000,0.600000,log Chebyshev,"d1, degree=7",0.0031936654,0.0031875448,0.0091002015,0.0900200729
put,100.000000,0.200000,1.000000,0.400000,0.600000,log polynomial,"spot, degree=9",0.0048618199,0.0048372004,0.0029230265,0.0194715392
put,100.000000,0.200000,1.000000,0.600000,0.400000,log B-spline,"d1, knots=12",0.0064262218,0.0063647111,0.0024271000,0.0134886907
put,100.000000,0.200000,1.000000,0.600000,0.400000,log Chebyshev,"d1, degree=7",0.0039716546,0.0039531387,0.0015004173,0.0045318407
put,100.000000,0.200000,1.000000,0.600000,0.400000,log polynomial,"spot, degree=9",0.0038154992,0.0037271959,0.0032632147,0.0157024086
put,100.000000,0.200000,1.000000,0.800000,0.200000,log B-spline,"d1, knots=12",0.0035919174,0.0035342730,0.0010410370,0.0044572784
put,100.000000,0.200000,1.000000,0.800000,0.200000,log Chebyshev,"d1, degree=7",0.0018714419,0.0018659743,0.0042193685,0.0482372639
put,100.000000,0.200000,1.000000,0.800000,0.200000,log polynomial,"spot, degree=9",0.0029237096,0.0022091449,0.0091422411,0.0827382770
put,100.000000,0.200000,2.000000,0.400000,1.600000,log B-spline,"d1, knots=12",0.0030537078,0.0030440657,0.0038281389,0.0177843685
put,100.000000,0.200000,2.000000,0.400000,1.600000,log Chebyshev,"d1, degree=7",0.0026292149,0.0025186958,0.0032103941,0.0219049553
put,100.000000,0.200000,2.000000,0.400000,1.600000,log polynomial,"spot, degree=9",0.0042733360,0.0042087073,0.0035046642,0.0179398132
put,100.000000,0.200000,2.000000,0.800000,1.200000,log B-spline,"d1, knots=12",0.0038410807,0.0037877684,0.0037698236,0.0151128502
put,100.000000,0.200000,2.000000,0.800000,1.200000,log Chebyshev,"d1, degree=7",0.0024476337,0.0024367930,0.0046708700,0.0490186703
put,100.000000,0.200000,2.000000,0.800000,1.200000,log polynomial,"spot, degree=9",0.0026868381,0.0026706789,0.0028723004,0.0106336889
put,100.000000,0.200000,2.000000,1.200000,0.800000,log B-spline,"d1, knots=12",0.0063858278,0.0060212887,0.0024663253,0.0098181506
put,100.000000,0.200000,2.000000,1.200000,0.800000,log Chebyshev,"d1, degree=7",0.0055766758,0.0052997600,0.0177441997,0.1508752661
put,100.000000,0.200000,2.000000,1.200000,0.800000,log polynomial,"spot, degree=9",0.0073232156,0.0068322170,0.0072870886,0.0745064450
put,100.000000,0.200000,2.000000,1.600000,0.400000,log B-spline,"d1, knots=12",0.0039653901,0.0039469077,0.0023327429,0.0097668326
put,100.000000,0.200000,2.000000,1.600000,0.400000,log Chebyshev,"d1, degree=7",0.0044740879,0.0041815826,0.0069497374,0.0767706581
put,100.000000,0.200000,2.000000,1.600000,0.400000,log polynomial,"spot, degree=9",0.0032835628,0.0032002114,0.0021002821,0.0060971064
put,100.000000,0.400000,0.500000,0.100000,0.400000,log B-spline,"d1, knots=12",0.0060325947,0.0059336660,0.0034683865,0.0135922474
put,100.000000,0.400000,0.500000,0.100000,0.400000,log Chebyshev,"d1, degree=7",0.0019912318,0.0019890385,0.0058124803,0.0415210499
put,100.000000,0.400000,0.500000,0.100000,0.400000,log polynomial,"spot, degree=9",0.0050234044,0.0049769577,0.0135794350,0.1085859532
put,100.000000,0.400000,0.500000,0.200000,0.300000,log B-spline,"d1, knots=12",0.0029209598,0.0028937633,0.0045172740,0.0269202407
put,100.000000,0.400000,0.500000,0.200000,0.300000,log Chebyshev,"d1, degree=7",0.0021509212,0.0020323303,0.0078668691,0.0512802011
put,100.000000,0.400000,0.500000,0.200000,0.300000,log polynomial,"spot, degree=9",0.0047581920,0.0045606590,0.0094600838,0.0679447559
put,100.000000,0.400000,0.500000,0.300000,0.200000,log B-spline,"d1, knots=12",0.0043626100,0.0043308186,0.0028355827,0.0117127115
put,100.000000,0.400000,0.500000,0.300000,0.200000,log Chebyshev,"d1, degree=7",0.0030074991,0.0030003326,0.0055513500,0.0417777453
put,100.000000,0.400000,0.500000,0.300000,0.200000,log polynomial,"spot, degree=9",0.0033048484,0.0032941774,0.0036406024,0.0274670770
put,100.000000,0.400000,0.500000,0.400000,0.100000,log B-spline,"d1, knots=12",0.0070057070,0.0068918465,0.0016509048,0.0077330354
put,100.000000,0.400000,0.500000,0.400000,0.100000,log Chebyshev,"d1, degree=7",0.0028342621,0.0028250469,0.0094643326,0.0819610476
put,100.000000,0.400000,0.500000,0.400000,0.100000,log polynomial,"spot, degree=9",0.0035177505,0.0035033228,0.0045102855,0.0153767288
put,100.000000,0.400000,1.000000,0.200000,0.800000,log B-spline,"d1, knots=12",0.0055951662,0.0050026105,0.0046275893,0.0193500723
put,100.000000,0.400000,1.000000,0.200000,0.800000,log Chebyshev,"d1, degree=7",0.0014676470,0.0010772917,0.0145215623,0.1060477959
put,100.000000,0.400000,1.000000,0.200000,0.800000,log polynomial,"spot, degree=9",0.0044853706,0.0041187207,0.0070701326,0.0441016380
put,100.000000,0.400000,1.000000,0.400000,0.600000,log B-spline,"d1, knots=12",0.0036708993,0.0036264961,0.0032062471,0.0107391860
put,100.000000,0.400000,1.000000,0.400000,0.600000,log Chebyshev,"d1, degree=7",0.0028273481,0.0026811462,0.0039697413,0.0114196345
put,100.000000,0.400000,1.000000,0.400000,0.600000,log polynomial,"spot, degree=9",0.0040795046,0.0040273813,0.0094472324,0.0620407857
put,100.000000,0.400000,1.000000,0.600000,0.400000,log B-spline,"d1, knots=12",0.0030595379,0.0028707101,0.0038491685,0.0242218238
put,100.000000,0.400000,1.000000,0.600000,0.400000,log Chebyshev,"d1, degree=7",0.0022972449,0.0022906985,0.0052247185,0.0346339251
put,100.000000,0.400000,1.000000,0.600000,0.400000,log polynomial,"spot, degree=9",0.0030391425,0.0028562371,0.0092812453,0.0904236812
put,100.000000,0.400000,1.000000,0.800000,0.200000,log B-spline,"d1, knots=12",0.0070926492,0.0069723426,0.0028271267,0.0138957349
put,100.000000,0.400000,1.000000,0.800000,0.200000,log Chebyshev,"d1, degree=7",0.0027691049,0.0027598783,0.0035778890,0.0200490997
put,100.000000,0.400000,1.000000,0.800000,0.200000,log polynomial,"spot, degree=9",0.0025639848,0.0025567642,0.0070460908,0.0498948756
put,100.000000,0.400000,2.000000,0.400000,1.600000,log B-spline,"d1, knots=12",0.0072191981,0.0066936184,0.0055984313,0.0192142019
put,100.000000,0.400000,2.000000,0.400000,1.600000,log Chebyshev,"d1, degree=7",0.0058265578,0.0055838946,0.0194885215,0.1238115581
put,100.000000,0.400000,2.000000,0.400000,1.600000,log polynomial,"spot, degree=9",0.0115651015,0.0096985397,0.0215902762,0.1503228548
put,100.000000,0.400000,2.000000,0.800000,1.200000,log B-spline,"d1, knots=12",0.0022808434,0.0022623519,0.0052956039,0.0285026676
put,100.000000,0.400000,2.000000,0.800000,1.200000,log Chebyshev,"d1, degree=7",0.0018899338,0.0018781095,0.0085367834,0.0522215181
put,100.000000,0.400000,2.000000,0.800000,1.200000,log polynomial,"spot, degree=9",0.0068802503,0.0057214406,0.0304084543,0.1971947607
put,100.000000,0.400000,2.000000,1.200000,0.800000,log B-spline,"d1, knots=12",0.0031279098,0.0030710349,0.0059950510,0.0195065302
put,100.000000,0.400000,2.000000,1.200000,0.800000,log Chebyshev,"d1, degree=7",0.0017069976,0.0017023281,0.0049005660,0.0213142484
put,100.000000,0.400000,2.000000,1.200000,0.800000,log polynomial,"spot, degree=9",0.0029467589,0.0029237271,0.0094588409,0.0746132555
put,100.000000,0.400000,2.000000,1.600000,0.400000,log B-spline,"d1, knots=12",0.0043948559,0.0043457847,0.0040456126,0.0213804897
put,100.000000,0.400000,2.000000,1.600000,0.400000,log Chebyshev,"d1, degree=7",0.0024556617,0.0023664251,0.0070973960,0.0651826017
put,100.000000,0.400000,2.000000,1.600000,0.400000,log polynomial,"spot, degree=9",0.0025765726,0.0025641707,0.0042364472,0.0217535618
put,120.000000,0.100000,0.500000,0.100000,0.400000,log B-spline,"d1, knots=12",0.0032684311,0.0032046537,0.0005765084,0.0035181411
put,120.000000,0.100000,0.500000,0.100000,0.400000,log Chebyshev,"d1, degree=7",0.0020971164,0.0020905918,0.0023208028,0.0198730877
put,120.000000,0.100000,0.500000,0.100000,0.400000,log polynomial,"spot, degree=9",0.0046458793,0.0031252011,0.0110187294,0.1154008413
put,120.000000,0.100000,0.500000,0.200000,0.300000,log B-spline,"d1, knots=12",0.0028495419,0.0028241396,0.0003833716,0.0015021642
put,120.000000,0.100000,0.500000,0.200000,0.300000,log Chebyshev,"d1, degree=7",0.0014675281,0.0014636739,0.0016001995,0.0107116147
put,120.000000,0.100000,0.500000,0.200000,0.300000,log polynomial,"spot, degree=9",0.0068515032,0.0045336234,0.0137717597,0.1502565936
put,120.000000,0.100000,0.500000,0.300000,0.200000,log B-spline,"d1, knots=12",0.0046668238,0.0046064348,0.0004469502,0.0021156197
put,120.000000,0.100000,0.500000,0.300000,0.200000,log Chebyshev,"d1, degree=7",0.0018151527,0.0018089751,0.0014256291,0.0134198332
put,120.000000,0.100000,0.500000,0.300000,0.200000,log polynomial,"spot, degree=9",0.0089629357,0.0058951775,0.0157354177,0.1640631784
put,120.000000,0.100000,0.500000,0.400000,0.100000,log B-spline,"d1, knots=12",0.0027589061,0.0027299961,0.0002978832,0.0011616614
put,120.000000,0.100000,0.500000,0.400000,0.100000,log Chebyshev,"d1, degree=7",0.0019440505,0.0013017455,0.0024857834,0.0258580979
put,120.000000,0.100000,0.500000,0.400000,0.100000,log polynomial,"spot, degree=9",0.0094233712,0.0062468687,0.0144302664,0.1253416316
put,120.000000,0.100000,1.000000,0.200000,0.800000,log B-spline,"d1, knots=12",0.0042710668,0.0041101420,0.0012934232,0.0057403848
put,120.000000,0.100000,1.000000,0.200000,0.800000,log Chebyshev,"d1, degree=7",0.0048357245,0.0046204945,0.0037665184,0.0393472782
put,120.000000,0.100000,1.000000,0.200000,0.800000,log polynomial,"spot, degree=9",0.0043010962,0.0040647124,0.0052546949,0.0485776045
put,120.000000,0.100000,1.000000,0.400000,0.600000,log B-spline,"d1, knots=12",0.0059912346,0.0059776375,0.0016576289,0.0061759580
put,120.000000,0.100000,1.000000,0.400000,0.600000,log Chebyshev,"d1, degree=7",0.0062399632,0.0061056622,0.0050240299,0.0426458322
put,120.000000,0.100000,1.000000,0.400000,0.600000,log polynomial,"spot, degree=9",0.0067656074,0.0067192593,0.0100535521,0.0991707244
put,120.000000,0.100000,1.000000,0.600000,0.400000,log B-spline,"d1, knots=12",0.0040585340,0.0040186826,0.0018373072,0.0125945229
put,120.000000,0.100000,1.000000,0.600000,0.400000,log Chebyshev,"d1, degree=7",0.0039451380,0.0038178918,0.0012453604,0.0053697934
put,120.000000,0.100000,1.000000,0.600000,0.400000,log polynomial,"spot, degree=9",0.0046558567,0.0044643652,0.0103099818,0.1108921404
put,120.000000,0.100000,1.000000,0.800000,0.200000,log B-spline,"d1, knots=12",0.0043041517,0.0042606292,0.0009499942,0.0039007172
put,120.000000,0.100000,1.000000,0.800000,0.200000,log Chebyshev,"d1, degree=7",0.0035399567,0.0034813924,0.0015737871,0.0173911862
put,120.000000,0.100000,1.000000,0.800000,0.200000,log polynomial,"spot, degree=9",0.0082974657,0.0054607658,0.0142543704,0.1518820000
put,120.000000,0.100000,2.000000,0.400000,1.600000,log B-spline,"d1, knots=12",0.0048658306,0.0045473673,0.0017767682,0.0073688882
put,120.000000,0.100000,2.000000,0.400000,1.600000,log Chebyshev,"d1, degree=7",0.0031563517,0.0031500545,0.0094961716,0.0862815309
put,120.000000,0.100000,2.000000,0.400000,1.600000,log polynomial,"spot, degree=9",0.0045442789,0.0045276921,0.0024818214,0.0120853664
put,120.000000,0.100000,2.000000,0.800000,1.200000,log B-spline,"d1, knots=12",0.0016215790,0.0016118305,0.0010283794,0.0046799077
put,120.000000,0.100000,2.000000,0.800000,1.200000,log Chebyshev,"d1, degree=7",0.0008956519,0.0008943263,0.0031028843,0.0270232821
put,120.000000,0.100000,2.000000,0.800000,1.200000,log polynomial,"spot, degree=9",0.0008369007,0.0008345783,0.0026974161,0.0177002045
put,120.000000,0.100000,2.000000,1.200000,0.800000,log B-spline,"d1, knots=12",0.0028004080,0.0027765558,0.0013261445,0.0059450720
put,120.000000,0.100000,2.000000,1.200000,0.800000,log Chebyshev,"d1, degree=7",0.0026712879,0.0026641935,0.0041781851,0.0439303848
put,120.000000,0.100000,2.000000,1.200000,0.800000,log polynomial,"spot, degree=9",0.0020460210,0.0020431366,0.0044350898,0.0372118740
put,120.000000,0.100000,2.000000,1.600000,0.400000,log B-spline,"d1, knots=12",0.0027725726,0.0027289214,0.0006054786,0.0023711807
put,120.000000,0.100000,2.000000,1.600000,0.400000,log Chebyshev,"d1, degree=7",0.0018243640,0.0017348039,0.0020358252,0.0193838447
put,120.000000,0.100000,2.000000,1.600000,0.400000,log polynomial,"spot, degree=9",0.0048642607,0.0032009066,0.0112702729,0.1208253015
put,120.000000,0.200000,0.500000,0.100000,0.400000,log B-spline,"d1, knots=12",0.0054255099,0.0053749887,0.0014220169,0.0046811064
put,120.000000,0.200000,0.500000,0.100000,0.400000,log Chebyshev,"d1, degree=7",0.0022967866,0.0022929103,0.0068765332,0.0569690123
put,120.000000,0.200000,0.500000,0.100000,0.400000,log polynomial,"spot, degree=9",0.0028069446,0.0028014260,0.0029029963,0.0086239533
put,120.000000,0.200000,0.500000,0.200000,0.300000,log B-spline,"d1, knots=12",0.0029328467,0.0028990062,0.0025626014,0.0156091421
put,120.000000,0.200000,0.500000,0.200000,0.300000,log Chebyshev,"d1, degree=7",0.0017664785,0.0012258267,0.0077161516,0.0707074972
put,120.000000,0.200000,0.500000,0.200000,0.300000,log polynomial,"spot, degree=9",0.0023925473,0.0023699929,0.0028828248,0.0176828996
put,120.000000,0.200000,0.500000,0.300000,0.200000,log B-spline,"d1, knots=12",0.0028672563,0.0028277124,0.0012918243,0.0052550816
put,120.000000,0.200000,0.500000,0.300000,0.200000,log Chebyshev,"d1, degree=7",0.0019720253,0.0018694103,0.0038737321,0.0393797884
put,120.000000,0.200000,0.500000,0.300000,0.200000,log polynomial,"spot, degree=9",0.0012474554,0.0011812641,0.0039795357,0.0341448904
put,120.000000,0.200000,0.500000,0.400000,0.100000,log B-spline,"d1, knots=12",0.0046060271,0.0045284883,0.0009339878,0.0036433579
put,120.000000,0.200000,0.500000,0.400000,0.100000,log Chebyshev,"d1, degree=7",0.0017885648,0.0016858577,0.0024720787,0.0207309333
put,120.000000,0.200000,0.500000,0.400000,0.100000,log polynomial,"spot, degree=9",0.0051193168,0.0034078709,0.0119574285,0.1290825306
put,120.000000,0.200000,1.000000,0.200000,0.800000,log B-spline,"d1, knots=12",0.0032023053,0.0031624117,0.0031966307,0.0110272953
put,120.000000,0.200000,1.000000,0.200000,0.800000,log Chebyshev,"d1, degree=7",0.0022997900,0.0022863144,0.0028939604,0.0082322772
put,120.000000,0.200000,1.000000,0.200000,0.800000,log polynomial,"spot, degree=9",0.0032662794,0.0032425393,0.0027605602,0.0121055169
put,120.000000,0.200000,1.000000,0.400000,0.600000,log B-spline,"d1, knots=12",0.0031310345,0.0030982032,0.0030370793,0.0114924632
put,120.000000,0.200000,1.000000,0.400000,0.600000,log Chebyshev,"d1, degree=7",0.0017749436,0.0010548686,0.0091195505,0.0919077687
put,120.000000,0.200000,1.000000,0.400000,0.600000,log polynomial,"spot, degree=9",0.0027512837,0.0027184700,0.0017224261,0.0130330323
put,120.000000,0.200000,1.000000,0.600000,0.400000,log B-spline,"d1, knots=12",0.0037147258,0.0036963689,0.0018833700,0.0078128385
put,120.000000,0.200000,1.000000,0.600000,0.400000,log Chebyshev,"d1, degree=7",0.0031780357,0.0031694338,0.0015763196,0.0074136244
put,120.000000,0.200000,1.000000,0.600000,0.400000,log polynomial,"spot, degree=9",0.0029427459,0.0029345913,0.0050221429,0.0369352493
put,120.000000,0.200000,1.000000,0.800000,0.200000,log B-spline,"d1, knots=12",0.0039952711,0.0039338169,0.0011521342,0.0055839814
put,120.000000,0.200000,1.000000,0.800000,0.200000,log Chebyshev,"d1, degree=7",0.0038440775,0.0036305014,0.0036763362,0.0370900123
put,120.000000,0.200000,1.000000,0.800000,0.200000,log polynomial,"spot, degree=9",0.0032333409,0.0030876114,0.0049645437,0.0439383191
put,120.000000,0.200000,2.000000,0.400000,1.600000,log B-spline,"d1, knots=12",0.0051420067,0.0050555586,0.0064371364,0.0344178163
put,120.000000,0.200000,2.000000,0.400000,1.600000,log Chebyshev,"d1, degree=7",0.0023932275,0.0023879642,0.0107875307,0.0906032849
put,120.000000,0.200000,2.000000,0.400000,1.600000,log polynomial,"spot, degree=9",0.0045663750,0.0044778017,0.0126941777,0.1039005308
put,120.000000,0.200000,2.000000,0.800000,1.200000,log B-spline,"d1, knots=12",0.0110256199,0.0109028783,0.0043421010,0.0208731648
put,120.000000,0.200000,2.000000,0.800000,1.200000,log Chebyshev,"d1, degree=7",0.0055219113,0.0054959913,0.0105114980,0.0735563797
put,120.000000,0.200000,2.000000,0.800000,1.200000,log polynomial,"spot, degree=9",0.0104983912,0.0103734159,0.0063157231,0.0457376714
put,120.000000,0.200000,2.000000,1.200000,0.800000,log B-spline,"d1, knots=12",0.0036229152,0.0035916130,0.0029563567,0.0147152482
put,120.000000,0.200000,2.000000,1.200000,0.800000,log Chebyshev,"d1, degree=7",0.0049465656,0.0046463674,0.0022757969,0.0289999634
put,120.000000,0.200000,2.000000,1.200000,0.800000,log polynomial,"spot, degree=9",0.0039634474,0.0038058883,0.0020646724,0.0072252511
put,120.000000,0.200000,2.000000,1.600000,0.400000,log B-spline,"d1, knots=12",0.0066088073,0.0064804769,0.0027399848,0.0160521303
put,120.000000,0.200000,2.000000,1.600000,0.400000,log Chebyshev,"d1, degree=7",0.0025412441,0.0024853071,0.0042338308,0.0499548394
put,120.000000,0.200000,2.000000,1.600000,0.400000,log polynomial,"spot, degree=9",0.0034642771,0.0034455951,0.0029773507,0.0118933562
put,120.000000,0.400000,0.500000,0.100000,0.400000,log B-spline,"d1, knots=12",0.0072339106,0.0071090174,0.0054061049,0.0229034934
put,120.000000,0.400000,0.500000,0.100000,0.400000,log Chebyshev,"d1, degree=7",0.0023391767,0.0022942783,0.0116326481,0.1050546525
put,120.000000,0.400000,0.500000,0.100000,0.400000,log polynomial,"spot, degree=9",0.0043862910,0.0042557431,0.0166456823,0.1381369538
put,120.000000,0.400000,0.500000,0.200000,0.300000,log B-spline,"d1, knots=12",0.0075094618,0.0073484282,0.0039455166,0.0157218366
put,120.000000,0.400000,0.500000,0.200000,0.300000,log Chebyshev,"d1, degree=7",0.0038340261,0.0036709690,0.0037426903,0.0179010710
put,120.000000,0.400000,0.500000,0.200000,0.300000,log polynomial,"spot, degree=9",0.0050962596,0.0049937706,0.0036261777,0.0133993043
put,120.000000,0.400000,0.500000,0.300000,0.200000,log B-spline,"d1, knots=12",0.0079959450,0.0078686888,0.0033436890,0.0128426095
put,120.000000,0.400000,0.500000,0.300000,0.200000,log Chebyshev,"d1, degree=7",0.0023770600,0.0023727365,0.0037347785,0.0354554773
put,120.000000,0.400000,0.500000,0.300000,0.200000,log polynomial,"spot, degree=9",0.0049394349,0.0049107080,0.0102422388,0.0933818301
put,120.000000,0.400000,0.500000,0.400000,0.100000,log B-spline,"d1, knots=12",0.0065835318,0.0061049122,0.0023574239,0.0095783157
put,120.000000,0.400000,0.500000,0.400000,0.100000,log Chebyshev,"d1, degree=7",0.0041500864,0.0039566246,0.0024338033,0.0219408906
put,120.000000,0.400000,0.500000,0.400000,0.100000,log polynomial,"spot, degree=9",0.0050626053,0.0048917780,0.0028447489,0.0125759019
put,120.000000,0.400000,1.000000,0.200000,0.800000,log B-spline,"d1, knots=12",0.0090587688,0.0089261224,0.0058275751,0.0253239130
put,120.000000,0.400000,1.000000,0.200000,0.800000,log Chebyshev,"d1, degree=7",0.0058426825,0.0058160152,0.0048523979,0.0472691578
put,120.000000,0.400000,1.000000,0.200000,0.800000,log polynomial,"spot, degree=9",0.0095117043,0.0093831596,0.0094408721,0.1009659710
put,120.000000,0.400000,1.000000,0.400000,0.600000,log B-spline,"d1, knots=12",0.0050239699,0.0048931516,0.0062660274,0.0241712678
put,120.000000,0.400000,1.000000,0.400000,0.600000,log Chebyshev,"d1, degree=7",0.0030578614,0.0030440629,0.0186416377,0.1414389593
put,120.000000,0.400000,1.000000,0.400000,0.600000,log polynomial,"spot, degree=9",0.0055274393,0.0054341627,0.0167901394,0.1000448857
put,120.000000,0.400000,1.000000,0.600000,0.400000,log B-spline,"d1, knots=12",0.0050022545,0.0046598440,0.0045759886,0.0166816508
put,120.000000,0.400000,1.000000,0.600000,0.400000,log Chebyshev,"d1, degree=7",0.0035853274,0.0034249261,0.0033325195,0.0164401602
put,120.000000,0.400000,1.000000,0.600000,0.400000,log polynomial,"spot, degree=9",0.0053185494,0.0048467124,0.0031126049,0.0327549758
put,120.000000,0.400000,1.000000,0.800000,0.200000,log B-spline,"d1, knots=12",0.0049090405,0.0048171223,0.0019335719,0.0096239972
put,120.000000,0.400000,1.000000,0.800000,0.200000,log Chebyshev,"d1, degree=7",0.0021873231,0.0021816341,0.0039266859,0.0278574954
put,120.000000,0.400000,1.000000,0.800000,0.200000,log polynomial,"spot, degree=9",0.0038137628,0.0037504784,0.0036921225,0.0286149854
put,120.000000,0.400000,2.000000,0.400000,1.600000,log B-spline,"d1, knots=12",0.0116045273,0.0078677801,0.0095214550,0.0358594135
put,120.000000,0.400000,2.000000,0.400000,1.600000,log Chebyshev,"d1, degree=7",0.0102930097,0.0092272739,0.0186518323,0.1570185101
put,120.000000,0.400000,2.000000,0.400000,1.600000,log polynomial,"spot, degree=9",0.0128109765,0.0103184366,0.0431433667,0.2909033879
put,120.000000,0.400000,2.000000,0.800000,1.200000,log B-spline,"d1, knots=12",0.0041268264,0.0037699060,0.0062909918,0.0236536799
put,120.000000,0.400000,2.000000,0.800000,1.200000,log Chebyshev,"d1, degree=7",0.0041902635,0.0031392433,0.0063321917,0.0511942293
put,120.000000,0.400000,2.000000,0.800000,1.200000,log polynomial,"spot, degree=9",0.0088351078,0.0076678284,0.0236224528,0.1537355119
put,120.000000,0.400000,2.000000,1.200000,0.800000,log B-spline,"d1, knots=12",0.0048353284,0.0048201472,0.0067331157,0.0339645411
put,120.000000,0.400000,2.000000,1.200000,0.800000,log Chebyshev,"d1, degree=7",0.0050728626,0.0050543702,0.0150814130,0.0738886508
put,120.000000,0.400000,2.000000,1.200000,0.800000,log polynomial,"spot, degree=9",0.0052350063,0.0052041709,0.0056276332,0.0422488859
put,120.000000,0.400000,2.000000,1.600000,0.400000,log B-spline,"d1, knots=12",0.0093568142,0.0092003137,0.0057497076,0.0243566844
put,120.000000,0.400000,2.000000,1.600000,0.400000,log Chebyshev,"d1, degree=7",0.0053158417,0.0052766694,0.0180840749,0.1355741902
put,120.000000,0.400000,2.000000,1.600000,0.400000,log polynomial,"spot, degree=9",0.0090704371,0.0089531913,0.0061486054,0.0307415383
