method,detail,time,max_rel,p99_rel,mae,max_abs
direct polynomial,"d1, degree=5",0.200000,25.5597609288,25.4116595165,0.1954680728,0.6983267887
log polynomial,"d1, degree=5",0.200000,0.0040253624,0.0031487554,0.0341209232,0.3535562990
direct polynomial,"d1, degree=7",0.200000,9.6368429211,3.9570588775,0.0444415691,0.1555037943
log polynomial,"d1, degree=7",0.200000,0.0022655752,0.0014556590,0.0128445532,0.1989903821
direct polynomial,"d1, degree=9",0.200000,1.0774275246,1.0355436355,0.0108633379,0.0369263475
log polynomial,"d1, degree=9",0.200000,0.0042277110,0.0041902510,0.0132406014,0.1501874478
direct polynomial,"d1, degree=11",0.200000,0.3975167380,0.2588674340,0.0060543075,0.0248802587
log polynomial,"d1, degree=11",0.200000,0.0047259027,0.0043985385,0.0124097658,0.1387221326
direct Chebyshev,"d1, degree=5",0.200000,25.5597614633,25.4116600231,0.1954680731,0.6983268207
log Chebyshev,"d1, degree=5",0.200000,0.0040253599,0.0031487552,0.0341209249,0.3535560839
direct Chebyshev,"d1, degree=7",0.200000,9.6368451828,3.9570605341,0.0444415701,0.1555037521
log Chebyshev,"d1, degree=7",0.200000,0.0022655790,0.0014556596,0.0128445581,0.1989907116
direct Chebyshev,"d1, degree=9",0.200000,1.0774286667,1.0355446658,0.0108633382,0.0369263908
log Chebyshev,"d1, degree=9",0.200000,0.0042277116,0.0041902517,0.0132405939,0.1501876926
direct Chebyshev,"d1, degree=11",0.200000,0.3975193377,0.2588682988,0.0060543087,0.0248802547
log Chebyshev,"d1, degree=11",0.200000,0.0047259032,0.0043985390,0.0124097716,0.1387225049
direct Chebyshev,"d1, degree=13",0.200000,0.0559582278,0.0542775983,0.0053561980,0.0246176506
log Chebyshev,"d1, degree=13",0.200000,0.0040887163,0.0038290922,0.0068258931,0.0392351113
direct Chebyshev,"d1, degree=15",0.200000,0.1872101256,0.1726576243,0.0059875513,0.0236871160
log Chebyshev,"d1, degree=15",0.200000,0.0043787018,0.0041196371,0.0065015287,0.0431921475
direct Chebyshev,"d1, degree=18",0.200000,0.2052845226,0.1768771092,0.0063469435,0.0256194587
log Chebyshev,"d1, degree=18",0.200000,0.0054633154,0.0050438635,0.0066581298,0.0413544054
direct Chebyshev,"d1, degree=22",0.200000,0.0785290978,0.0422047521,0.0059656396,0.0281975492
log Chebyshev,"d1, degree=22",0.200000,0.0057353615,0.0052668760,0.0066658192,0.0571184050
log cosine Fourier,"d1, order=3",0.200000,69.0416632495,65.1794543170,19.3882653870,87.6345075492
log full Fourier,"d1, order=3",0.200000,19.7458938928,9.5155319313,16.9893692958,121.1479802415
log cosine Fourier,"d1, order=5",0.200000,78.4216756738,73.7707751831,19.3864447106,87.6627968670
log full Fourier,"d1, order=5",0.200000,16.9169621193,4.9218347516,13.6931704509,142.1070161491
log cosine Fourier,"d1, order=7",0.200000,74.8119791557,70.7365159966,19.3861337844,87.6743867904
log full Fourier,"d1, order=7",0.200000,15.7579697776,2.7856335006,11.4655432390,151.5687311017
log cosine Fourier,"d1, order=9",0.200000,72.7044023523,68.4089678074,19.3860801149,87.6807078083
log full Fourier,"d1, order=9",0.200000,15.1258679844,2.0779554071,9.8920267019,156.0227597474
log cosine Fourier,"d1, order=11",0.200000,74.4044995133,70.3071694145,19.3860433593,87.6845936250
log full Fourier,"d1, order=11",0.200000,14.7372863125,2.0126982869,8.6833223194,158.1319179668
log cosine Fourier,"d1, order=14",0.200000,74.5896574653,70.1520436019,19.3859972317,87.6883402009
log full Fourier,"d1, order=14",0.200000,14.3626287230,1.8623067732,7.3166767952,156.1792735405
log cosine Fourier,"d1, order=18",0.200000,74.1430440572,69.9356726130,19.3859746951,87.6913289312
log full Fourier,"d1, order=18",0.200000,14.0637556921,1.7537410255,6.0204221993,151.5789056616
direct B-spline,"d1, knots=6",0.200000,0.2139774201,0.2114042594,0.0101119792,0.0245876960
log B-spline,"d1, knots=6",0.200000,0.0033431800,0.0033215990,0.0045723457,0.0271918810
direct B-spline,"d1, knots=8",0.200000,0.0484101266,0.0460738100,0.0058998516,0.0288893951
log B-spline,"d1, knots=8",0.200000,0.0056954903,0.0055424105,0.0068431317,0.0380968570
direct B-spline,"d1, knots=10",0.200000,0.0272470209,0.0260612164,0.0058091252,0.0221495696
log B-spline,"d1, knots=10",0.200000,0.0053543005,0.0050425840,0.0053800603,0.0257587548
direct B-spline,"d1, knots=12",0.200000,0.0168962372,0.0158955333,0.0054783391,0.0253390097
log B-spline,"d1, knots=12",0.200000,0.0044700088,0.0042162446,0.0052687341,0.0275700205
direct B-spline,"d1, knots=16",0.200000,0.0077493633,0.0070005992,0.0058169685,0.0280450800
log B-spline,"d1, knots=16",0.200000,0.0048485725,0.0045565579,0.0060499251,0.0304434369
direct B-spline,"d1, knots=20",0.200000,0.0062203136,0.0059133067,0.0058939736,0.0280899913
log B-spline,"d1, knots=20",0.200000,0.0053255472,0.0049853092,0.0058941280,0.0297910416
direct B-spline,"d1, knots=28",0.200000,0.0072982096,0.0068207430,0.0067348269,0.0370265858
log B-spline,"d1, knots=28",0.200000,0.0047524171,0.0044342565,0.0066014462,0.0359207931
direct natural cubic,"d1, knots=6",0.200000,0.7012742816,0.6938038482,0.0307131349,0.3087167005
log natural cubic,"d1, knots=6",0.200000,0.1334981755,0.1303535128,0.1674449469,0.5580194695
direct natural cubic,"d1, knots=10",0.200000,0.1624304083,0.1594330023,0.0101401751,0.1177054906
log natural cubic,"d1, knots=10",0.200000,0.0472669716,0.0465544492,0.0175594898,0.0764729630
direct natural cubic,"d1, knots=14",0.200000,0.0637353357,0.0620280173,0.0074595706,0.0575151634
log natural cubic,"d1, knots=14",0.200000,0.0280314088,0.0269303526,0.0076363620,0.0564682249
direct natural cubic,"d1, knots=18",0.200000,0.0241094109,0.0231057687,0.0065880882,0.0375885489
log natural cubic,"d1, knots=18",0.200000,0.0114875599,0.0111486908,0.0063684079,0.0340326872
direct PCHIP,d1,0.200000,0.0137752513,0.0094135375,0.0135828635,0.1023016255
log PCHIP,d1,0.200000,0.0137466269,0.0093235055,0.0135969740,0.1023169413
direct LOESS,"d1, frac=0.14",0.200000,0.0136439075,0.0120125902,0.0062288594,0.0381873771
log LOESS,"d1, frac=0.14",0.200000,0.0050477201,0.0046470560,0.0060157395,0.0401389272
direct LOESS,"d1, frac=0.22",0.200000,0.1460197220,0.1130675958,0.0055729908,0.0250594052
log LOESS,"d1, frac=0.22",0.200000,0.0050548482,0.0047458029,0.0071898809,0.0796540751
direct LOESS,"d1, frac=0.35",0.200000,2.1313159066,1.3860796370,0.0081647947,0.0295324325
log LOESS,"d1, frac=0.35",0.200000,0.0052631966,0.0032977019,0.0303079846,0.4622779647
direct polynomial,"logm, degree=5",0.200000,25.5598766824,25.4117726578,0.1954681114,0.6983220522
log polynomial,"logm, degree=5",0.200000,0.0040254284,0.0031487499,0.0341214970,0.3535620972
direct polynomial,"logm, degree=7",0.200000,9.6421282815,3.9589514357,0.0444426086,0.1553875030
log polynomial,"logm, degree=7",0.200000,0.0022651906,0.0014558970,0.0128442278,0.1989565939
direct polynomial,"logm, degree=9",0.200000,1.1696959236,1.1222394153,0.0109454513,0.0348851553
log polynomial,"logm, degree=9",0.200000,0.0041714970,0.0041403953,0.0125194915,0.1399828739
direct polynomial,"logm, degree=11",0.200000,0.4536917517,0.4186657846,0.0079074382,0.0302110530
log polynomial,"logm, degree=11",0.200000,0.0047419001,0.0045674421,0.0042404291,0.0153839674
direct Chebyshev,"logm, degree=5",0.200000,25.5597614633,25.4116600230,0.1954680731,0.6983268207
log Chebyshev,"logm, degree=5",0.200000,0.0040253599,0.0031487552,0.0341209249,0.3535560839
direct Chebyshev,"logm, degree=7",0.200000,9.6368451828,3.9570605341,0.0444415701,0.1555037521
log Chebyshev,"logm, degree=7",0.200000,0.0022655790,0.0014556596,0.0128445581,0.1989907116
direct Chebyshev,"logm, degree=9",0.200000,1.0774286667,1.0355446658,0.0108633382,0.0369263908
log Chebyshev,"logm, degree=9",0.200000,0.0042277116,0.0041902517,0.0132405939,0.1501876926
direct Chebyshev,"logm, degree=11",0.200000,0.3975193377,0.2588682988,0.0060543087,0.0248802547
log Chebyshev,"logm, degree=11",0.200000,0.0047259032,0.0043985390,0.0124097716,0.1387225049
direct Chebyshev,"logm, degree=13",0.200000,0.0559582278,0.0542775983,0.0053561980,0.0246176506
log Chebyshev,"logm, degree=13",0.200000,0.0040887163,0.0038290922,0.0068258931,0.0392351113
direct Chebyshev,"logm, degree=15",0.200000,0.1872101256,0.1726576243,0.0059875513,0.0236871160
log Chebyshev,"logm, degree=15",0.200000,0.0043787018,0.0041196371,0.0065015287,0.0431921475
direct Chebyshev,"logm, degree=18",0.200000,0.2052845226,0.1768771092,0.0063469435,0.0256194587
log Chebyshev,"logm, degree=18",0.200000,0.0054633154,0.0050438635,0.0066581298,0.0413544054
direct Chebyshev,"logm, degree=22",0.200000,0.0785290978,0.0422047521,0.0059656396,0.0281975492
log Chebyshev,"logm, degree=22",0.200000,0.0057353615,0.0052668760,0.0066658192,0.0571184050
log cosine Fourier,"logm, order=3",0.200000,69.0416632495,65.1794543170,19.3882653870,87.6345075492
log full Fourier,"logm, order=3",0.200000,19.7458938928,9.5155319313,16.9893692958,121.1479802415
log cosine Fourier,"logm, order=5",0.200000,78.4216756738,73.7707751831,19.3864447106,87.6627968670
log full Fourier,"logm, order=5",0.200000,16.9169621193,4.9218347516,13.6931704509,142.1070161491
log cosine Fourier,"logm, order=7",0.200000,74.8119791557,70.7365159966,19.3861337844,87.6743867904
log full Fourier,"logm, order=7",0.200000,15.7579697776,2.7856335006,11.4655432390,151.5687311017
log cosine Fourier,"logm, order=9",0.200000,72.7044023523,68.4089678074,19.3860801149,87.6807078083
log full Fourier,"logm, order=9",0.200000,15.1258679844,2.0779554071,9.8920267019,156.0227597474
log cosine Fourier,"logm, order=11",0.200000,74.4044995133,70.3071694145,19.3860433593,87.6845936250
log full Fourier,"logm, order=11",0.200000,14.7372863125,2.0126982869,8.6833223194,158.1319179668
log cosine Fourier,"logm, order=14",0.200000,74.5896574653,70.1520436019,19.3859972317,87.6883402009
log full Fourier,"logm, order=14",0.200000,14.3626287230,1.8623067732,7.3166767952,156.1792735405
log cosine Fourier,"logm, order=18",0.200000,74.1430440572,69.9356726130,19.3859746951,87.6913289312
log full Fourier,"logm, order=18",0.200000,14.0637556921,1.7537410255,6.0204221993,151.5789056616
direct B-spline,"logm, knots=6",0.200000,0.2139774201,0.2114042594,0.0101119792,0.0245876960
log B-spline,"logm, knots=6",0.200000,0.0033431800,0.0033215990,0.0045723457,0.0271918810
direct B-spline,"logm, knots=8",0.200000,0.0484101266,0.0460738100,0.0058998516,0.0288893951
log B-spline,"logm, knots=8",0.200000,0.0056954903,0.0055424105,0.0068431317,0.0380968570
direct B-spline,"logm, knots=10",0.200000,0.0272470209,0.0260612164,0.0058091252,0.0221495696
log B-spline,"logm, knots=10",0.200000,0.0053543005,0.0050425840,0.0053800603,0.0257587548
direct B-spline,"logm, knots=12",0.200000,0.0168962372,0.0158955333,0.0054783391,0.0253390097
log B-spline,"logm, knots=12",0.200000,0.0044700088,0.0042162446,0.0052687341,0.0275700205
direct B-spline,"logm, knots=16",0.200000,0.0077493633,0.0070005992,0.0058169685,0.0280450800
log B-spline,"logm, knots=16",0.200000,0.0048485725,0.0045565579,0.0060499251,0.0304434369
direct B-spline,"logm, knots=20",0.200000,0.0062203136,0.0059133067,0.0058939736,0.0280899913
log B-spline,"logm, knots=20",0.200000,0.0053255472,0.0049853092,0.0058941280,0.0297910416
direct B-spline,"logm, knots=28",0.200000,0.0072982096,0.0068207430,0.0067348269,0.0370265858
log B-spline,"logm, knots=28",0.200000,0.0047524171,0.0044342565,0.0066014462,0.0359207931
direct natural cubic,"logm, knots=6",0.200000,0.7013019629,0.6938120922,0.0307118949,0.3087312340
log natural cubic,"logm, knots=6",0.200000,0.1335039438,0.1303606438,0.1673083948,0.5572207076
direct natural cubic,"logm, knots=10",0.200000,0.1628244501,0.1597244397,0.0101415237,0.1177252667
log natural cubic,"logm, knots=10",0.200000,0.0471016500,0.0464390591,0.0170911196,0.0780927387
direct natural cubic,"logm, knots=14",0.200000,0.0639827290,0.0621465811,0.0074517452,0.0576561865
log natural cubic,"logm, knots=14",0.200000,0.0271606897,0.0260146177,0.0072659774,0.0572434831
direct natural cubic,"logm, knots=18",0.200000,0.0291385519,0.0279089581,0.0064823672,0.0375021718
log natural cubic,"logm, knots=18",0.200000,0.0123647336,0.0118432956,0.0062235444,0.0320493402
direct PCHIP,logm,0.200000,0.0137752513,0.0094135375,0.0135828635,0.1023016255
log PCHIP,logm,0.200000,0.0137466269,0.0093235055,0.0135969740,0.1023169413
direct LOESS,"logm, frac=0.14",0.200000,0.0136436447,0.0120125112,0.0062288651,0.0381879750
log LOESS,"logm, frac=0.14",0.200000,0.0050476170,0.0046469530,0.0060156855,0.0401377124
direct LOESS,"logm, frac=0.22",0.200000,0.1460195304,0.1130675958,0.0055730035,0.0250595647
log LOESS,"logm, frac=0.22",0.200000,0.0050548231,0.0047457764,0.0071898440,0.0796538118
direct LOESS,"logm, frac=0.35",0.200000,2.1313156841,1.3860794706,0.0081648046,0.0295325397
log LOESS,"logm, frac=0.35",0.200000,0.0052631957,0.0032977015,0.0303079754,0.4622778800
direct polynomial,"spot, degree=5",0.200000,12.8054183632,12.7333782810,0.1131816575,0.4043437080
log polynomial,"spot, degree=5",0.200000,0.0464138880,0.0246524083,0.2949748740,4.0766323419
direct polynomial,"spot, degree=7",0.200000,5.1146640739,5.0817731037,0.0478693882,0.1680384295
log polynomial,"spot, degree=7",0.200000,0.0044240371,0.0030989415,0.0307729644,0.3885727642
direct polynomial,"spot, degree=9",0.200000,4.0533420685,1.8159426858,0.0138290336,0.0405334207
log polynomial,"spot, degree=9",0.200000,0.0015034923,0.0014981165,0.0081375517,0.0765010143
direct polynomial,"spot, degree=11",0.200000,2.2068452967,0.9884205311,0.0097615915,0.0239880571
log polynomial,"spot, degree=11",0.200000,0.0019733133,0.0019662100,0.0063706838,0.0376676004
direct Chebyshev,"spot, degree=5",0.200000,12.8055469890,12.7335360165,0.1131813377,0.4043517285
log Chebyshev,"spot, degree=5",0.200000,0.0464145024,0.0246527269,0.2949787022,4.0766863077
direct Chebyshev,"spot, degree=7",0.200000,5.1087729453,5.0758694889,0.0478641544,0.1681930508
log Chebyshev,"spot, degree=7",0.200000,0.0044278023,0.0031014434,0.0307984462,0.3889034676
direct Chebyshev,"spot, degree=9",0.200000,4.1714040877,1.8887903457,0.0137384367,0.0417140409
log Chebyshev,"spot, degree=9",0.200000,0.0015018240,0.0014976953,0.0081888605,0.0772774061
direct Chebyshev,"spot, degree=11",0.200000,0.2694030945,0.2603318299,0.0060893610,0.0220248798
log Chebyshev,"spot, degree=11",0.200000,0.0030313455,0.0030171715,0.0109752077,0.1014252007
direct Chebyshev,"spot, degree=13",0.200000,0.3096792284,0.2958680325,0.0060048701,0.0232108298
log Chebyshev,"spot, degree=13",0.200000,0.0044783802,0.0044424736,0.0159288208,0.1670517943
direct Chebyshev,"spot, degree=15",0.200000,0.1675827352,0.1046974048,0.0062518957,0.0258231248
log Chebyshev,"spot, degree=15",0.200000,0.0050890550,0.0047393291,0.0118396241,0.1052389608
direct Chebyshev,"spot, degree=18",0.200000,0.0390414076,0.0313030128,0.0059575750,0.0278517796
log Chebyshev,"spot, degree=18",0.200000,0.0044526081,0.0041864289,0.0061062830,0.0295723071
direct Chebyshev,"spot, degree=22",0.200000,0.2428213108,0.2136001817,0.0063892322,0.0257727057
log Chebyshev,"spot, degree=22",0.200000,0.0048413332,0.0045153568,0.0086944245,0.1594639978
log cosine Fourier,"spot, order=3",0.200000,4.9764276174,4.9691667016,16.6245038485,87.8152007516
log full Fourier,"spot, order=3",0.200000,4.7933408383,3.6652961363,17.7842807982,188.9292250325
log cosine Fourier,"spot, order=5",0.200000,6.8278482081,6.8191593237,16.4825670576,87.8216027933
log full Fourier,"spot, order=5",0.200000,3.5059724881,2.8814268570,13.7179168934,218.0450468215
log cosine Fourier,"spot, order=7",0.200000,7.9801570983,7.9722165817,16.4613634899,87.8234470833
log full Fourier,"spot, order=7",0.200000,3.1031629337,2.6840108993,11.1972044863,230.5202319488
log cosine Fourier,"spot, order=9",0.200000,8.6085434697,8.4362333426,16.4568279588,87.8241504511
log full Fourier,"spot, order=9",0.200000,2.9549930074,2.4368688244,9.4710938954,235.0211453978
log cosine Fourier,"spot, order=11",0.200000,8.6020668642,8.3671858245,16.4559214084,87.8243993375
log full Fourier,"spot, order=11",0.200000,2.9138364596,2.2919565781,8.1769844901,236.3342242108
log cosine Fourier,"spot, order=14",0.200000,8.6479821059,8.3980048248,16.4559426802,87.8243780001
log full Fourier,"spot, order=14",0.200000,2.9278573033,2.1602076582,6.7444969160,231.2616938211
log cosine Fourier,"spot, order=18",0.200000,8.7782212043,8.3314240131,16.4563854093,87.8240226439
log full Fourier,"spot, order=18",0.200000,3.0435912605,1.4030682622,5.3865680058,218.0832662203
direct B-spline,"spot, knots=6",0.200000,0.4551385561,0.4475841702,0.0104261745,0.0291004274
log B-spline,"spot, knots=6",0.200000,0.0042426194,0.0042007133,0.0054696548,0.0289661229
direct B-spline,"spot, knots=8",0.200000,0.6622408177,0.4174707100,0.0080846123,0.0243480557
log B-spline,"spot, knots=8",0.200000,0.0023380715,0.0022367081,0.0052089225,0.0232703441
direct B-spline,"spot, knots=10",0.200000,0.1718386600,0.1684137313,0.0063999109,0.0279134404
log B-spline,"spot, knots=10",0.200000,0.0019219469,0.0019074882,0.0054500155,0.0292619463
direct B-spline,"spot, knots=12",0.200000,0.1050415952,0.0976492460,0.0060448711,0.0313979264
log B-spline,"spot, knots=12",0.200000,0.0031601176,0.0031396033,0.0060631852,0.0288450307
direct B-spline,"spot, knots=16",0.200000,0.0208545627,0.0198507611,0.0064042219,0.0322558965
log B-spline,"spot, knots=16",0.200000,0.0062950351,0.0061197234,0.0062320507,0.0305062716
direct B-spline,"spot, knots=20",0.200000,0.0283682175,0.0268283712,0.0061227218,0.0323432085
log B-spline,"spot, knots=20",0.200000,0.0057735505,0.0054283566,0.0059939952,0.0360327240
direct B-spline,"spot, knots=28",0.200000,0.0064201743,0.0057116099,0.0077987996,0.0520528461
log B-spline,"spot, knots=28",0.200000,0.0050063420,0.0046594919,0.0079706705,0.0520569359
direct natural cubic,"spot, knots=6",0.200000,5.0845734920,5.0415354726,0.0681882668,0.2128212967
log natural cubic,"spot, knots=6",0.200000,0.5931942885,0.5896361492,1.4520108844,5.2407536722
direct natural cubic,"spot, knots=10",0.200000,1.8431051131,1.7178409542,0.0091334290,0.0280148310
log natural cubic,"spot, knots=10",0.200000,0.2690077693,0.2663472105,0.1990403838,0.7239804571
direct natural cubic,"spot, knots=14",0.200000,0.5910862673,0.5858156528,0.0069124601,0.0319342176
log natural cubic,"spot, knots=14",0.200000,0.1536197540,0.1515050338,0.0306032567,0.1146680439
direct natural cubic,"spot, knots=18",0.200000,0.2560940474,0.2526847738,0.0064038959,0.0275221553
log natural cubic,"spot, knots=18",0.200000,0.0959986077,0.0944205795,0.0084534533,0.0302758655
direct PCHIP,spot,0.200000,0.0137753846,0.0094144053,0.0135898141,0.1022920548
log PCHIP,spot,0.200000,0.0137483481,0.0093195466,0.0136038598,0.1023036365
direct LOESS,"spot, frac=0.14",0.200000,0.0126447992,0.0107562947,0.0062864098,0.0378570538
log LOESS,"spot, frac=0.14",0.200000,0.0050596092,0.0047579293,0.0062887242,0.0408775074
direct LOESS,"spot, frac=0.22",0.200000,0.1386278965,0.1068743589,0.0057639400,0.0225906205
log LOESS,"spot, frac=0.22",0.200000,0.0056762214,0.0053215274,0.0116494451,0.1530252011
direct LOESS,"spot, frac=0.35",0.200000,2.0918209378,1.4564426247,0.0121564507,0.0340945381
log LOESS,"spot, frac=0.35",0.200000,0.0129819661,0.0127390713,0.0667692679,0.8136410181
direct polynomial,"d1, degree=5",0.400000,23.1265354198,23.0124355807,0.1740332416,0.6094696618
log polynomial,"d1, degree=5",0.400000,0.0043983017,0.0028965293,0.0297279218,0.3235190141
direct polynomial,"d1, degree=7",0.400000,9.3492863249,3.7425266015,0.0400401877,0.1141249253
log polynomial,"d1, degree=7",0.400000,0.0018293486,0.0018255730,0.0043731552,0.0679606759
direct polynomial,"d1, degree=9",0.400000,0.7311376690,0.6964615323,0.0090940796,0.0680351044
log polynomial,"d1, degree=9",0.400000,0.0018204330,0.0018157118,0.0030924218,0.0408099514
direct polynomial,"d1, degree=11",0.400000,0.2938643206,0.2056754215,0.0059613624,0.0563448116
log polynomial,"d1, degree=11",0.400000,0.0023341967,0.0023224913,0.0100823107,0.1442122217
direct Chebyshev,"d1, degree=5",0.400000,23.1265358866,23.0124360232,0.1740332418,0.6094696884
log Chebyshev,"d1, degree=5",0.400000,0.0043982993,0.0028965271,0.0297279231,0.3235188363
direct Chebyshev,"d1, degree=7",0.400000,9.3492882497,3.7425280084,0.0400401885,0.1141248901
log Chebyshev,"d1, degree=7",0.400000,0.0018293479,0.0018255723,0.0043731603,0.0679609484
direct Chebyshev,"d1, degree=9",0.400000,0.7311386468,0.6964624145,0.0090940796,0.0680351404
log Chebyshev,"d1, degree=9",0.400000,0.0018204324,0.0018157113,0.0030924256,0.0408101537
direct Chebyshev,"d1, degree=11",0.400000,0.2938665375,0.2056761338,0.0059613620,0.0563448506
log Chebyshev,"d1, degree=11",0.400000,0.0023341963,0.0023224908,0.0100823151,0.1442125293
direct Chebyshev,"d1, degree=13",0.400000,0.3463094772,0.2963564885,0.0066165535,0.0484493918
log Chebyshev,"d1, degree=13",0.400000,0.0026948976,0.0026776098,0.0087338335,0.0509472318
direct Chebyshev,"d1, degree=15",0.400000,0.2604721762,0.2272134938,0.0064630936,0.0494134538
log Chebyshev,"d1, degree=15",0.400000,0.0037692163,0.0037186291,0.0072487018,0.0632405863
direct Chebyshev,"d1, degree=18",0.400000,0.4878342834,0.4062070544,0.0072637760,0.0481838782
log Chebyshev,"d1, degree=18",0.400000,0.0044677813,0.0044058168,0.0066506630,0.0554453616
direct Chebyshev,"d1, degree=22",0.400000,0.2699263380,0.2066954480,0.0072221256,0.0465048091
log Chebyshev,"d1, degree=22",0.400000,0.0044054066,0.0043243321,0.0099713760,0.1489805266
log cosine Fourier,"d1, order=3",0.400000,63.9025782598,59.8989518500,16.5243642993,73.3780397633
log full Fourier,"d1, order=3",0.400000,17.7205790874,8.6097370563,14.2938553504,101.1465635942
log cosine Fourier,"d1, order=5",0.400000,71.9496234788,67.8799588901,16.5227489928,73.4033453940
log full Fourier,"d1, order=5",0.400000,15.1900160156,4.4817966746,11.4804111223,117.8890660965
log cosine Fourier,"d1, order=7",0.400000,68.0215382194,64.3602114244,16.5224369649,73.4139535069
log full Fourier,"d1, order=7",0.400000,14.1292047328,2.5471152047,9.6044970106,125.5732466870
log cosine Fourier,"d1, order=9",0.400000,66.5800331833,62.9381894820,16.5223913897,73.4197492464
log full Fourier,"d1, order=9",0.400000,13.5496307774,2.0409259198,8.2806645617,129.1212539941
log cosine Fourier,"d1, order=11",0.400000,68.4831347681,64.8396834828,16.5223543517,73.4234623910
log full Fourier,"d1, order=11",0.400000,13.1783163203,1.9805066631,7.2751199688,130.9198686956
log cosine Fourier,"d1, order=14",0.400000,68.1655478970,64.1103728936,16.5223168752,73.4266305081
log full Fourier,"d1, order=14",0.400000,12.8615046068,1.8280137289,6.1069853860,128.7224034279
log cosine Fourier,"d1, order=18",0.400000,68.2536243345,64.6246212416,16.5222930117,73.4296082232
log full Fourier,"d1, order=18",0.400000,12.5637331038,1.7261550487,5.0340687657,125.1868800154
direct B-spline,"d1, knots=6",0.400000,0.1492581698,0.1466834737,0.0075058579,0.0261701917
log B-spline,"d1, knots=6",0.400000,0.0017389796,0.0017349100,0.0042991957,0.0215147471
direct B-spline,"d1, knots=8",0.400000,0.0482310515,0.0459976425,0.0069640307,0.0492846019
log B-spline,"d1, knots=8",0.400000,0.0017789703,0.0017718289,0.0070812635,0.0640242983
direct B-spline,"d1, knots=10",0.400000,0.0268546651,0.0258763215,0.0057074476,0.0516058806
log B-spline,"d1, knots=10",0.400000,0.0041895018,0.0041384657,0.0055825411,0.0586607293
direct B-spline,"d1, knots=12",0.400000,0.0113689860,0.0109594038,0.0061956088,0.0500405914
log B-spline,"d1, knots=12",0.400000,0.0032214933,0.0031875527,0.0077286398,0.0430114797
direct B-spline,"d1, knots=16",0.400000,0.0170880228,0.0158660242,0.0064858446,0.0546602344
log B-spline,"d1, knots=16",0.400000,0.0042843113,0.0042111044,0.0059553541,0.0562712283
direct B-spline,"d1, knots=20",0.400000,0.0167607868,0.0146632746,0.0066082966,0.0576994082
log B-spline,"d1, knots=20",0.400000,0.0074673618,0.0071742959,0.0065540570,0.0596798908
direct B-spline,"d1, knots=28",0.400000,0.0122396371,0.0115509175,0.0074941535,0.0646700498
log B-spline,"d1, knots=28",0.400000,0.0097771138,0.0092428142,0.0073869450,0.0670851685
direct natural cubic,"d1, knots=6",0.400000,0.6814386684,0.6737011738,0.0221641644,0.2190370159
log natural cubic,"d1, knots=6",0.400000,0.1348818452,0.1310322822,0.1451801461,0.4675932672
direct natural cubic,"d1, knots=10",0.400000,0.1577860200,0.1550283382,0.0082747231,0.0942686256
log natural cubic,"d1, knots=10",0.400000,0.0442678523,0.0436471636,0.0139876766,0.0618383165
direct natural cubic,"d1, knots=14",0.400000,0.0543832003,0.0529668435,0.0069394971,0.0688498980
log natural cubic,"d1, knots=14",0.400000,0.0251867264,0.0230656775,0.0081549993,0.0412818637
direct natural cubic,"d1, knots=18",0.400000,0.0248339606,0.0239202660,0.0062615053,0.0620883943
log natural cubic,"d1, knots=18",0.400000,0.0098404293,0.0095398823,0.0070761300,0.0431759154
direct PCHIP,d1,0.400000,0.0263275253,0.0152679676,0.0114835886,0.0696358774
log PCHIP,d1,0.400000,0.0263718433,0.0157705719,0.0114980398,0.0696222021
direct LOESS,"d1, frac=0.14",0.400000,0.0127051001,0.0121391525,0.0062055004,0.0563182593
log LOESS,"d1, frac=0.14",0.400000,0.0083507377,0.0079095856,0.0062309573,0.0572136191
direct LOESS,"d1, frac=0.22",0.400000,0.1349424011,0.1055145390,0.0059060651,0.0351722369
log LOESS,"d1, frac=0.22",0.400000,0.0041726363,0.0039387477,0.0072033615,0.0876403244
direct LOESS,"d1, frac=0.35",0.400000,1.9511548106,1.2676834719,0.0092050754,0.0232344176
log LOESS,"d1, frac=0.35",0.400000,0.0051985604,0.0031971972,0.0248043062,0.3823823899
direct polynomial,"logm, degree=5",0.400000,23.1268539694,23.0127500855,0.1740333131,0.6094573913
log polynomial,"logm, degree=5",0.400000,0.0043986107,0.0028967301,0.0297298216,0.3235417388
direct polynomial,"logm, degree=7",0.400000,9.3720582606,3.7508821356,0.0400462059,0.1136360272
log polynomial,"logm, degree=7",0.400000,0.0018261425,0.0018223733,0.0043874585,0.0682742526
direct polynomial,"logm, degree=9",0.400000,1.3060874537,1.2499564830,0.0094117974,0.0494593254
log polynomial,"logm, degree=9",0.400000,0.0017390847,0.0017353376,0.0034498535,0.0286471584
direct polynomial,"logm, degree=11",0.400000,1.1229587599,1.0713477529,0.0097988832,0.0574481140
log polynomial,"logm, degree=11",0.400000,0.0018419846,0.0018359672,0.0032342689,0.0329994490
direct Chebyshev,"logm, degree=5",0.400000,23.1265358866,23.0124360232,0.1740332418,0.6094696884
log Chebyshev,"logm, degree=5",0.400000,0.0043982993,0.0028965271,0.0297279231,0.3235188363
direct Chebyshev,"logm, degree=7",0.400000,9.3492882497,3.7425280084,0.0400401885,0.1141248901
log Chebyshev,"logm, degree=7",0.400000,0.0018293479,0.0018255723,0.0043731603,0.0679609484
direct Chebyshev,"logm, degree=9",0.400000,0.7311386468,0.6964624145,0.0090940796,0.0680351404
log Chebyshev,"logm, degree=9",0.400000,0.0018204324,0.0018157113,0.0030924256,0.0408101537
direct Chebyshev,"logm, degree=11",0.400000,0.2938665375,0.2056761338,0.0059613620,0.0563448506
log Chebyshev,"logm, degree=11",0.400000,0.0023341963,0.0023224908,0.0100823151,0.1442125293
direct Chebyshev,"logm, degree=13",0.400000,0.3463094772,0.2963564886,0.0066165535,0.0484493918
log Chebyshev,"logm, degree=13",0.400000,0.0026948976,0.0026776098,0.0087338335,0.0509472318
direct Chebyshev,"logm, degree=15",0.400000,0.2604721762,0.2272134938,0.0064630936,0.0494134538
log Chebyshev,"logm, degree=15",0.400000,0.0037692163,0.0037186291,0.0072487018,0.0632405863
direct Chebyshev,"logm, degree=18",0.400000,0.4878342834,0.4062070544,0.0072637760,0.0481838782
log Chebyshev,"logm, degree=18",0.400000,0.0044677813,0.0044058168,0.0066506630,0.0554453616
direct Chebyshev,"logm, degree=22",0.400000,0.2699263380,0.2066954480,0.0072221256,0.0465048091
log Chebyshev,"logm, degree=22",0.400000,0.0044054066,0.0043243321,0.0099713760,0.1489805266
log cosine Fourier,"logm, order=3",0.400000,63.9025782598,59.8989518500,16.5243642993,73.3780397633
log full Fourier,"logm, order=3",0.400000,17.7205790874,8.6097370563,14.2938553504,101.1465635942
log cosine Fourier,"logm, order=5",0.400000,71.9496234788,67.8799588901,16.5227489928,73.4033453940
log full Fourier,"logm, order=5",0.400000,15.1900160156,4.4817966746,11.4804111223,117.8890660965
log cosine Fourier,"logm, order=7",0.400000,68.0215382194,64.3602114244,16.5224369649,73.4139535069
log full Fourier,"logm, order=7",0.400000,14.1292047328,2.5471152047,9.6044970106,125.5732466870
log cosine Fourier,"logm, order=9",0.400000,66.5800331833,62.9381894820,16.5223913897,73.4197492464
log full Fourier,"logm, order=9",0.400000,13.5496307774,2.0409259198,8.2806645617,129.1212539941
log cosine Fourier,"logm, order=11",0.400000,68.4831347681,64.8396834828,16.5223543517,73.4234623910
log full Fourier,"logm, order=11",0.400000,13.1783163203,1.9805066631,7.2751199688,130.9198686956
log cosine Fourier,"logm, order=14",0.400000,68.1655478970,64.1103728936,16.5223168752,73.4266305081
log full Fourier,"logm, order=14",0.400000,12.8615046068,1.8280137289,6.1069853860,128.7224034279
log cosine Fourier,"logm, order=18",0.400000,68.2536243345,64.6246212416,16.5222930117,73.4296082232
log full Fourier,"logm, order=18",0.400000,12.5637331038,1.7261550487,5.0340687657,125.1868800154
direct B-spline,"logm, knots=6",0.400000,0.1492581698,0.1466834737,0.0075058579,0.0261701917
log B-spline,"logm, knots=6",0.400000,0.0017389796,0.0017349100,0.0042991957,0.0215147471
direct B-spline,"logm, knots=8",0.400000,0.0482310515,0.0459976425,0.0069640307,0.0492846019
log B-spline,"logm, knots=8",0.400000,0.0017789703,0.0017718289,0.0070812635,0.0640242983
direct B-spline,"logm, knots=10",0.400000,0.0268546651,0.0258763215,0.0057074476,0.0516058806
log B-spline,"logm, knots=10",0.400000,0.0041895018,0.0041384657,0.0055825411,0.0586607293
direct B-spline,"logm, knots=12",0.400000,0.0113689860,0.0109594038,0.0061956088,0.0500405914
log B-spline,"logm, knots=12",0.400000,0.0032214933,0.0031875527,0.0077286398,0.0430114797
direct B-spline,"logm, knots=16",0.400000,0.0170880228,0.0158660242,0.0064858446,0.0546602344
log B-spline,"logm, knots=16",0.400000,0.0042843113,0.0042111044,0.0059553541,0.0562712283
direct B-spline,"logm, knots=20",0.400000,0.0167607868,0.0146632746,0.0066082966,0.0576994082
log B-spline,"logm, knots=20",0.400000,0.0074673618,0.0071742959,0.0065540570,0.0596798908
direct B-spline,"logm, knots=28",0.400000,0.0122396371,0.0115509175,0.0074941535,0.0646700498
log B-spline,"logm, knots=28",0.400000,0.0097771138,0.0092428142,0.0073869450,0.0670851685
direct natural cubic,"logm, knots=6",0.400000,0.6813907498,0.6736990493,0.0221635937,0.2190562481
log natural cubic,"logm, knots=6",0.400000,0.1348926302,0.1310421397,0.1449725130,0.4664092683
direct natural cubic,"logm, knots=10",0.400000,0.1580032150,0.1553216796,0.0082696286,0.0942719232
log natural cubic,"logm, knots=10",0.400000,0.0440107327,0.0433134223,0.0133227737,0.0640375381
direct natural cubic,"logm, knots=14",0.400000,0.0588796884,0.0574502367,0.0067435052,0.0691101959
log natural cubic,"logm, knots=14",0.400000,0.0236455307,0.0224361353,0.0080094869,0.0425975537
direct natural cubic,"logm, knots=18",0.400000,0.0297396358,0.0287627906,0.0061267549,0.0618770399
log natural cubic,"logm, knots=18",0.400000,0.0093831260,0.0090118710,0.0069615721,0.0411932690
direct PCHIP,logm,0.400000,0.0263275253,0.0152679676,0.0114835886,0.0696358774
log PCHIP,logm,0.400000,0.0263718433,0.0157705719,0.0114980398,0.0696222021
direct LOESS,"logm, frac=0.14",0.400000,0.0127033195,0.0121371325,0.0062054940,0.0563167230
log LOESS,"logm, frac=0.14",0.400000,0.0083508597,0.0079097123,0.0062309557,0.0572148404
direct LOESS,"logm, frac=0.22",0.400000,0.1349420862,0.1055144047,0.0059060882,0.0351719213
log LOESS,"logm, frac=0.22",0.400000,0.0041726769,0.0039387864,0.0072033534,0.0876398648
direct LOESS,"logm, frac=0.35",0.400000,1.9511544536,1.2676832043,0.0092050748,0.0232344982
log LOESS,"logm, frac=0.35",0.400000,0.0051985584,0.0031971964,0.0248042986,0.3823822450
direct polynomial,"spot, degree=5",0.400000,15.9891779381,15.9006747145,0.0940219832,0.2033288236
log polynomial,"spot, degree=5",0.400000,0.0240300367,0.0147018638,0.1312486186,1.7675398905
direct polynomial,"spot, degree=7",0.400000,2.5924224625,2.5777631871,0.0316483159,0.1604733839
log polynomial,"spot, degree=7",0.400000,0.0026379027,0.0020564969,0.0186153186,0.1940320933
direct polynomial,"spot, degree=9",0.400000,3.1560399302,1.3200890009,0.0132644962,0.0442360563
log polynomial,"spot, degree=9",0.400000,0.0014390000,0.0014364858,0.0057659920,0.0791801516
direct polynomial,"spot, degree=11",0.400000,3.2013851738,1.3292494815,0.0137624148,0.0392855677
log polynomial,"spot, degree=11",0.400000,0.0014539418,0.0014510409,0.0054683292,0.0669243895
direct Chebyshev,"spot, degree=5",0.400000,15.9897613790,15.9011761008,0.0940206289,0.2033519858
log Chebyshev,"spot, degree=5",0.400000,0.0240315816,0.0147011361,0.1312565932,1.7676535252
direct Chebyshev,"spot, degree=7",0.400000,2.5581679510,2.5444894722,0.0315958352,0.1613720940
log Chebyshev,"spot, degree=7",0.400000,0.0026536280,0.0020653970,0.0187030043,0.1951887751
direct Chebyshev,"spot, degree=9",0.400000,2.7922062698,1.1873936269,0.0125067373,0.0361435302
log Chebyshev,"spot, degree=9",0.400000,0.0016058204,0.0016023468,0.0048819404,0.0639784929
direct Chebyshev,"spot, degree=11",0.400000,0.5564332465,0.5333401053,0.0073027278,0.0472810250
log Chebyshev,"spot, degree=11",0.400000,0.0015120287,0.0015098710,0.0071422870,0.0510586752
direct Chebyshev,"spot, degree=13",0.400000,0.0905325709,0.0840203511,0.0062961963,0.0505974271
log Chebyshev,"spot, degree=13",0.400000,0.0018818685,0.0018757084,0.0092403493,0.0879700306
direct Chebyshev,"spot, degree=15",0.400000,0.3075121458,0.2811253121,0.0068260557,0.0546682792
log Chebyshev,"spot, degree=15",0.400000,0.0028646197,0.0028440993,0.0065800958,0.0625475357
direct Chebyshev,"spot, degree=18",0.400000,0.2092627656,0.1574232039,0.0068371255,0.0437273257
log Chebyshev,"spot, degree=18",0.400000,0.0034553603,0.0034255141,0.0117526177,0.0790491324
direct Chebyshev,"spot, degree=22",0.400000,0.2163025888,0.2002056777,0.0070757621,0.0455551747
log Chebyshev,"spot, degree=22",0.400000,0.0044904276,0.0044393727,0.0067339698,0.0863756311
log cosine Fourier,"spot, order=3",0.400000,6.3462154025,6.0169741475,14.5073789126,73.5362559260
log full Fourier,"spot, order=3",0.400000,5.1144118303,3.7456395550,14.8263254138,148.5507400228
log cosine Fourier,"spot, order=5",0.400000,8.8390700715,8.8339705685,14.4289707194,73.5427821924
log full Fourier,"spot, order=5",0.400000,3.8576383554,2.7550482947,11.4686191865,170.6061799085
log cosine Fourier,"spot, order=7",0.400000,10.7328979279,10.5664353898,14.4180664490,73.5446890214
log full Fourier,"spot, order=7",0.400000,3.4573523029,2.6483744388,9.3719697330,180.1800289192
log cosine Fourier,"spot, order=9",0.400000,11.1324435503,10.7639412122,14.4159624217,73.5454121918
log full Fourier,"spot, order=9",0.400000,3.3008551254,2.5737019342,7.9429253005,184.8592728629
log cosine Fourier,"spot, order=11",0.400000,10.9670201427,10.5256315853,14.4156548865,73.5456426474
log full Fourier,"spot, order=11",0.400000,3.2535086663,2.3170141786,6.8755092041,186.2869099015
log cosine Fourier,"spot, order=14",0.400000,11.0568257698,10.5699770205,14.4156823058,73.5455644750
log full Fourier,"spot, order=14",0.400000,3.2748105959,1.9089869124,5.6827106974,182.8159303053
log cosine Fourier,"spot, order=18",0.400000,10.7424481239,10.2041994599,14.4157621652,73.5451277817
log full Fourier,"spot, order=18",0.400000,3.3842760062,1.7384292511,4.5479047699,171.7990577916
direct B-spline,"spot, knots=6",0.400000,0.5463097304,0.5180437627,0.0109765173,0.0533150473
log B-spline,"spot, knots=6",0.400000,0.0033043181,0.0032696997,0.0066442386,0.0709517085
direct B-spline,"spot, knots=8",0.400000,0.4897994354,0.3259235766,0.0080469987,0.0514558251
log B-spline,"spot, knots=8",0.400000,0.0024513597,0.0024246887,0.0070312769,0.0464451754
direct B-spline,"spot, knots=10",0.400000,0.2258910847,0.2081992363,0.0064933388,0.0546996398
log B-spline,"spot, knots=10",0.400000,0.0024355813,0.0024110874,0.0062428968,0.0575610467
direct B-spline,"spot, knots=12",0.400000,0.0475375407,0.0463740771,0.0067508461,0.0508120048
log B-spline,"spot, knots=12",0.400000,0.0022667490,0.0022476873,0.0064756296,0.0502332865
direct B-spline,"spot, knots=16",0.400000,0.0218061993,0.0206728359,0.0071729604,0.0546814191
log B-spline,"spot, knots=16",0.400000,0.0044315792,0.0043414007,0.0070040837,0.0548841783
direct B-spline,"spot, knots=20",0.400000,0.0091178180,0.0087649028,0.0071853615,0.0625383554
log B-spline,"spot, knots=20",0.400000,0.0038400144,0.0038006009,0.0069055622,0.0625527485
direct B-spline,"spot, knots=28",0.400000,0.0138297445,0.0127424884,0.0077252875,0.0652226523
log B-spline,"spot, knots=28",0.400000,0.0042588725,0.0042110771,0.0076317807,0.0678002399
direct natural cubic,"spot, knots=6",0.400000,4.4434231691,4.3985486716,0.0355386796,0.1223790902
log natural cubic,"spot, knots=6",0.400000,0.4841808390,0.4819663774,0.9801218058,3.4330040697
direct natural cubic,"spot, knots=10",0.400000,1.2435651715,1.1806275716,0.0085713724,0.0368871013
log natural cubic,"spot, knots=10",0.400000,0.2198812076,0.2161024347,0.1194659398,0.4393350312
direct natural cubic,"spot, knots=14",0.400000,0.3919742303,0.3874748933,0.0070373432,0.0492894779
log natural cubic,"spot, knots=14",0.400000,0.1181201375,0.1162551696,0.0154358514,0.0486250187
direct natural cubic,"spot, knots=18",0.400000,0.1712222242,0.1681115845,0.0065298613,0.0528701825
log natural cubic,"spot, knots=18",0.400000,0.0697706400,0.0687083756,0.0069998601,0.0495003261
direct PCHIP,spot,0.400000,0.0263266832,0.0152860789,0.0114891229,0.0696292747
log PCHIP,spot,0.400000,0.0263682171,0.0157903049,0.0115036448,0.0696217509
direct LOESS,"spot, frac=0.14",0.400000,0.0112850950,0.0099636342,0.0062061770,0.0572351463
log LOESS,"spot, frac=0.14",0.400000,0.0082961227,0.0077732724,0.0064191787,0.0659976208
direct LOESS,"spot, frac=0.22",0.400000,0.1290226977,0.0995859721,0.0058684305,0.0385730096
log LOESS,"spot, frac=0.22",0.400000,0.0037829425,0.0035994352,0.0095364169,0.1421026745
direct LOESS,"spot, frac=0.35",0.400000,1.9233424525,1.3266500322,0.0138180177,0.0412310885
log LOESS,"spot, frac=0.35",0.400000,0.0118643387,0.0116843451,0.0473628081,0.6334898667
direct polynomial,"d1, degree=5",0.600000,20.5048603498,20.3995496714,0.1460362783,0.4800283815
log polynomial,"d1, degree=5",0.600000,0.0050396232,0.0033298424,0.0275952406,0.2904231063
direct polynomial,"d1, degree=7",0.600000,8.9782351686,3.5165781922,0.0332780179,0.1120157462
log polynomial,"d1, degree=7",0.600000,0.0008889510,0.0008497728,0.0028795318,0.0138281715
direct polynomial,"d1, degree=9",0.600000,1.2160631836,1.1593147547,0.0081091775,0.0383223897
log polynomial,"d1, degree=9",0.600000,0.0009218224,0.0009191920,0.0054405348,0.0501476137
direct polynomial,"d1, degree=11",0.600000,0.4606495829,0.2894346678,0.0042191624,0.0126716192
log polynomial,"d1, degree=11",0.600000,0.0018541486,0.0018277658,0.0053937577,0.0580473920
direct Chebyshev,"d1, degree=5",0.600000,20.5048607262,20.3995500685,0.1460362785,0.4800284022
log Chebyshev,"d1, degree=5",0.600000,0.0050396208,0.0033298403,0.0275952415,0.2904229693
direct Chebyshev,"d1, degree=7",0.600000,8.9782367072,3.5165793137,0.0332780185,0.1120157186
log Chebyshev,"d1, degree=7",0.600000,0.0008889517,0.0008497734,0.0028795268,0.0138281625
direct Chebyshev,"d1, degree=9",0.600000,1.2160639716,1.1593154658,0.0081091782,0.0383224176
log Chebyshev,"d1, degree=9",0.600000,0.0009218220,0.0009191916,0.0054405314,0.0501477694
direct Chebyshev,"d1, degree=11",0.600000,0.4606513664,0.2894352725,0.0042191642,0.0126716189
log Chebyshev,"d1, degree=11",0.600000,0.0018541482,0.0018277654,0.0053937592,0.0580476290
direct Chebyshev,"d1, degree=13",0.600000,0.0182336344,0.0177573814,0.0031898106,0.0181136459
log Chebyshev,"d1, degree=13",0.600000,0.0019210736,0.0018954356,0.0032717217,0.0134659400
direct Chebyshev,"d1, degree=15",0.600000,0.0115208990,0.0112490720,0.0031665419,0.0176933766
log Chebyshev,"d1, degree=15",0.600000,0.0020109857,0.0019889784,0.0031873498,0.0158840454
direct Chebyshev,"d1, degree=18",0.600000,0.1033718599,0.0628749114,0.0032858218,0.0176015771
log Chebyshev,"d1, degree=18",0.600000,0.0023078671,0.0022780740,0.0059279126,0.0442907823
direct Chebyshev,"d1, degree=22",0.600000,0.2288566137,0.1736432770,0.0038190429,0.0198645487
log Chebyshev,"d1, degree=22",0.600000,0.0033403759,0.0032648101,0.0063989491,0.0632281358
log cosine Fourier,"d1, order=3",0.600000,57.4148944624,53.6423087413,13.2158683379,57.4768084393
log full Fourier,"d1, order=3",0.600000,15.0953567865,7.4078045634,11.2532347911,78.8684616126
log cosine Fourier,"d1, order=5",0.600000,63.9441840818,60.3063814408,13.2144873051,57.4984660612
log full Fourier,"d1, order=5",0.600000,12.9295945908,3.8778808830,9.0160147969,91.4684347591
log cosine Fourier,"d1, order=7",0.600000,60.0158601558,56.6083499344,13.2142663720,57.5075216127
log full Fourier,"d1, order=7",0.600000,12.0240394423,2.2182273486,7.5311228063,97.1398984821
log cosine Fourier,"d1, order=9",0.600000,59.2095463438,56.0847908803,13.2142164950,57.5125340325
log full Fourier,"d1, order=9",0.600000,11.5227974593,1.9994195377,6.4890431080,99.8100567281
log cosine Fourier,"d1, order=11",0.600000,60.8968268577,57.5826478110,13.2141903365,57.5155138301
log full Fourier,"d1, order=11",0.600000,11.2248177020,1.9368049915,5.6867360866,100.8645371084
log cosine Fourier,"d1, order=14",0.600000,60.1108027864,56.6021288846,13.2141758785,57.5184040361
log full Fourier,"d1, order=14",0.600000,10.9357971043,1.7940238625,4.7839509856,99.3331515706
log cosine Fourier,"d1, order=18",0.600000,60.5970800819,57.3040571217,13.2141681833,57.5208435394
log full Fourier,"d1, order=18",0.600000,10.6918467760,1.6922144507,3.9383710595,96.4642486322
direct B-spline,"d1, knots=6",0.600000,0.2608697129,0.2523346493,0.0067890380,0.0202014410
log B-spline,"d1, knots=6",0.600000,0.0009774830,0.0009690965,0.0038811220,0.0163123127
direct B-spline,"d1, knots=8",0.600000,0.0431914282,0.0413251733,0.0036374104,0.0157894831
log B-spline,"d1, knots=8",0.600000,0.0021096904,0.0020817936,0.0034717202,0.0129694539
direct B-spline,"d1, knots=10",0.600000,0.0131873920,0.0121753079,0.0032289857,0.0127981112
log B-spline,"d1, knots=10",0.600000,0.0022571446,0.0022233924,0.0033256052,0.0129177904
direct B-spline,"d1, knots=12",0.600000,0.0240669304,0.0217623607,0.0031532120,0.0157415502
log B-spline,"d1, knots=12",0.600000,0.0021577118,0.0021344016,0.0031486676,0.0157990289
direct B-spline,"d1, knots=16",0.600000,0.0120353818,0.0110504616,0.0038920421,0.0202560231
log B-spline,"d1, knots=16",0.600000,0.0026682272,0.0026294106,0.0039399193,0.0216209739
direct B-spline,"d1, knots=20",0.600000,0.0099941856,0.0092923841,0.0040137752,0.0196923268
log B-spline,"d1, knots=20",0.600000,0.0031358675,0.0029667710,0.0038661133,0.0187878495
direct B-spline,"d1, knots=28",0.600000,0.0167509939,0.0161759408,0.0046531928,0.0303285039
log B-spline,"d1, knots=28",0.600000,0.0054753946,0.0051172001,0.0044419932,0.0292459795
direct natural cubic,"d1, knots=6",0.600000,0.7354751212,0.7290125558,0.0155485049,0.1181957365
log natural cubic,"d1, knots=6",0.600000,0.1318080690,0.1266183547,0.1154148592,0.3524717642
direct natural cubic,"d1, knots=10",0.600000,0.1347122818,0.1327154432,0.0052043426,0.0488254281
log natural cubic,"d1, knots=10",0.600000,0.0464283120,0.0457163573,0.0118508974,0.0534939324
direct natural cubic,"d1, knots=14",0.600000,0.0453212781,0.0440391070,0.0036992209,0.0279429659
log natural cubic,"d1, knots=14",0.600000,0.0269737843,0.0248976813,0.0047074632,0.0353258903
direct natural cubic,"d1, knots=18",0.600000,0.0204573695,0.0197487462,0.0039388596,0.0238281937
log natural cubic,"d1, knots=18",0.600000,0.0094728128,0.0090734339,0.0041133349,0.0198673082
direct PCHIP,d1,0.600000,0.0138796037,0.0125168773,0.0078947192,0.0698031150
log PCHIP,d1,0.600000,0.0137942147,0.0125109441,0.0079034484,0.0697902923
direct LOESS,"d1, frac=0.14",0.600000,0.0108982994,0.0095617627,0.0036511375,0.0216242247
log LOESS,"d1, frac=0.14",0.600000,0.0037055445,0.0032845303,0.0038826438,0.0217774836
direct LOESS,"d1, frac=0.22",0.600000,0.1200265111,0.0937714023,0.0031832320,0.0167588136
log LOESS,"d1, frac=0.22",0.600000,0.0020572758,0.0019994866,0.0050543694,0.0507965075
direct LOESS,"d1, frac=0.35",0.600000,1.6939094391,1.0992929642,0.0074545307,0.0191311796
log LOESS,"d1, frac=0.35",0.600000,0.0049232147,0.0032700434,0.0200245824,0.2837147257
direct polynomial,"logm, degree=5",0.600000,20.5062205092,20.4009028247,0.1460365221,0.4799784228
log polynomial,"logm, degree=5",0.600000,0.0050417196,0.0033312564,0.0276044655,0.2905439208
direct polynomial,"logm, degree=7",0.600000,9.1671715392,3.5868659659,0.0333321506,0.1079636420
log polynomial,"logm, degree=7",0.600000,0.0008987988,0.0008555668,0.0029171221,0.0136739750
direct polynomial,"logm, degree=9",0.600000,1.2732995083,1.1734299694,0.0162204139,0.0367219609
log polynomial,"logm, degree=9",0.600000,0.0008045298,0.0008023229,0.0040668630,0.0283380616
direct polynomial,"logm, degree=11",0.600000,1.0510489335,0.9679944277,0.0152152965,0.0352562312
log polynomial,"logm, degree=11",0.600000,0.0008044089,0.0008024417,0.0040762544,0.0285274803
direct Chebyshev,"logm, degree=5",0.600000,20.5048607262,20.3995500685,0.1460362785,0.4800284022
log Chebyshev,"logm, degree=5",0.600000,0.0050396208,0.0033298403,0.0275952415,0.2904229693
direct Chebyshev,"logm, degree=7",0.600000,8.9782367071,3.5165793137,0.0332780185,0.1120157186
log Chebyshev,"logm, degree=7",0.600000,0.0008889517,0.0008497734,0.0028795268,0.0138281625
direct Chebyshev,"logm, degree=9",0.600000,1.2160639716,1.1593154658,0.0081091782,0.0383224176
log Chebyshev,"logm, degree=9",0.600000,0.0009218220,0.0009191916,0.0054405314,0.0501477694
direct Chebyshev,"logm, degree=11",0.600000,0.4606513664,0.2894352725,0.0042191642,0.0126716189
log Chebyshev,"logm, degree=11",0.600000,0.0018541482,0.0018277654,0.0053937592,0.0580476290
direct Chebyshev,"logm, degree=13",0.600000,0.0182336344,0.0177573814,0.0031898106,0.0181136459
log Chebyshev,"logm, degree=13",0.600000,0.0019210736,0.0018954356,0.0032717217,0.0134659400
direct Chebyshev,"logm, degree=15",0.600000,0.0115208990,0.0112490720,0.0031665419,0.0176933766
log Chebyshev,"logm, degree=15",0.600000,0.0020109857,0.0019889784,0.0031873498,0.0158840454
direct Chebyshev,"logm, degree=18",0.600000,0.1033718599,0.0628749114,0.0032858218,0.0176015771
log Chebyshev,"logm, degree=18",0.600000,0.0023078671,0.0022780740,0.0059279126,0.0442907823
direct Chebyshev,"logm, degree=22",0.600000,0.2288566137,0.1736432770,0.0038190429,0.0198645487
log Chebyshev,"logm, degree=22",0.600000,0.0033403759,0.0032648101,0.0063989491,0.0632281358
log cosine Fourier,"logm, order=3",0.600000,57.4148944624,53.6423087413,13.2158683379,57.4768084393
log full Fourier,"logm, order=3",0.600000,15.0953567865,7.4078045634,11.2532347911,78.8684616126
log cosine Fourier,"logm, order=5",0.600000,63.9441840818,60.3063814408,13.2144873051,57.4984660612
log full Fourier,"logm, order=5",0.600000,12.9295945908,3.8778808830,9.0160147969,91.4684347591
log cosine Fourier,"logm, order=7",0.600000,60.0158601558,56.6083499344,13.2142663720,57.5075216127
log full Fourier,"logm, order=7",0.600000,12.0240394423,2.2182273486,7.5311228063,97.1398984821
log cosine Fourier,"logm, order=9",0.600000,59.2095463438,56.0847908803,13.2142164950,57.5125340325
log full Fourier,"logm, order=9",0.600000,11.5227974593,1.9994195377,6.4890431080,99.8100567281
log cosine Fourier,"logm, order=11",0.600000,60.8968268577,57.5826478110,13.2141903365,57.5155138301
log full Fourier,"logm, order=11",0.600000,11.2248177020,1.9368049915,5.6867360866,100.8645371084
log cosine Fourier,"logm, order=14",0.600000,60.1108027864,56.6021288846,13.2141758785,57.5184040361
log full Fourier,"logm, order=14",0.600000,10.9357971043,1.7940238625,4.7839509856,99.3331515706
log cosine Fourier,"logm, order=18",0.600000,60.5970800819,57.3040571217,13.2141681833,57.5208435394
log full Fourier,"logm, order=18",0.600000,10.6918467760,1.6922144507,3.9383710595,96.4642486322
direct B-spline,"logm, knots=6",0.600000,0.2608697129,0.2523346493,0.0067890380,0.0202014410
log B-spline,"logm, knots=6",0.600000,0.0009774830,0.0009690965,0.0038811220,0.0163123127
direct B-spline,"logm, knots=8",0.600000,0.0431914282,0.0413251733,0.0036374104,0.0157894831
log B-spline,"logm, knots=8",0.600000,0.0021096904,0.0020817936,0.0034717202,0.0129694539
direct B-spline,"logm, knots=10",0.600000,0.0131873920,0.0121753079,0.0032289857,0.0127981112
log B-spline,"logm, knots=10",0.600000,0.0022571446,0.0022233924,0.0033256052,0.0129177904
direct B-spline,"logm, knots=12",0.600000,0.0240669304,0.0217623607,0.0031532120,0.0157415502
log B-spline,"logm, knots=12",0.600000,0.0021577118,0.0021344016,0.0031486676,0.0157990289
direct B-spline,"logm, knots=16",0.600000,0.0120353818,0.0110504616,0.0038920421,0.0202560231
log B-spline,"logm, knots=16",0.600000,0.0026682272,0.0026294106,0.0039399193,0.0216209739
direct B-spline,"logm, knots=20",0.600000,0.0099941856,0.0092923841,0.0040137752,0.0196923268
log B-spline,"logm, knots=20",0.600000,0.0031358675,0.0029667710,0.0038661133,0.0187878495
direct B-spline,"logm, knots=28",0.600000,0.0167509939,0.0161759408,0.0046531928,0.0303285039
log B-spline,"logm, knots=28",0.600000,0.0054753946,0.0051172001,0.0044419932,0.0292459795
direct natural cubic,"logm, knots=6",0.600000,0.7350333600,0.7286946529,0.0155449532,0.1182258149
log natural cubic,"logm, knots=6",0.600000,0.1318351896,0.1266510162,0.1150374051,0.3511877717
direct natural cubic,"logm, knots=10",0.600000,0.1366865554,0.1343000836,0.0051993637,0.0488725281
log natural cubic,"logm, knots=10",0.600000,0.0457804818,0.0451900945,0.0105737905,0.0575027375
direct natural cubic,"logm, knots=14",0.600000,0.0532645182,0.0517600722,0.0036197621,0.0281138556
log natural cubic,"logm, knots=14",0.600000,0.0247882398,0.0234075943,0.0045560744,0.0356544028
direct natural cubic,"logm, knots=18",0.600000,0.0274885484,0.0263954802,0.0034649992,0.0238639470
log natural cubic,"logm, knots=18",0.600000,0.0108842946,0.0105519599,0.0038756640,0.0173366404
direct PCHIP,logm,0.600000,0.0138796037,0.0125168773,0.0078947192,0.0698031150
log PCHIP,logm,0.600000,0.0137942147,0.0125109441,0.0079034484,0.0697902923
direct LOESS,"logm, frac=0.14",0.600000,0.0108974129,0.0095613664,0.0036515994,0.0216266077
log LOESS,"logm, frac=0.14",0.600000,0.0037051133,0.0032841232,0.0038819012,0.0217749085
direct LOESS,"logm, frac=0.22",0.600000,0.1200258821,0.0937711320,0.0031833609,0.0167592327
log LOESS,"logm, frac=0.22",0.600000,0.0020571870,0.0019993982,0.0050541529,0.0507956302
direct LOESS,"logm, frac=0.35",0.600000,1.6939087509,1.0992924470,0.0074545526,0.0191313224
log LOESS,"logm, frac=0.35",0.600000,0.0049232097,0.0032700418,0.0200245286,0.2837144398
direct polynomial,"spot, degree=5",0.600000,18.1009958274,18.0223483883,0.0828411978,0.1810099583
log polynomial,"spot, degree=5",0.600000,0.0092582936,0.0049696547,0.0411476501,0.5335363942
direct polynomial,"spot, degree=7",0.600000,2.0076698250,1.8927650317,0.0192054132,0.0754623565
log polynomial,"spot, degree=7",0.600000,0.0014385774,0.0014346126,0.0069475296,0.0754005036
direct polynomial,"spot, degree=9",0.600000,2.9181683583,1.9132770335,0.0173675168,0.0581807145
log polynomial,"spot, degree=9",0.600000,0.0012148152,0.0012102307,0.0027791296,0.0114315238
direct polynomial,"spot, degree=11",0.600000,3.0919019582,1.8589876371,0.0161111108,0.0460970551
log polynomial,"spot, degree=11",0.600000,0.0012157786,0.0012095444,0.0030116518,0.0219489562
direct Chebyshev,"spot, degree=5",0.600000,18.1043820525,18.0260667166,0.0828329532,0.1810438205
log Chebyshev,"spot, degree=5",0.600000,0.0092640313,0.0049704622,0.0411723316,0.5338670502
direct Chebyshev,"spot, degree=7",0.600000,2.9604418571,1.6775684379,0.0186757460,0.0858744266
log Chebyshev,"spot, degree=7",0.600000,0.0014566914,0.0014514452,0.0073526379,0.0831833907
direct Chebyshev,"spot, degree=9",0.600000,1.1547604750,0.5616154635,0.0076240412,0.0222991895
log Chebyshev,"spot, degree=9",0.600000,0.0011438984,0.0011397693,0.0065232754,0.0370065431
direct Chebyshev,"spot, degree=11",0.600000,0.3111555611,0.2993701065,0.0038637065,0.0223326760
log Chebyshev,"spot, degree=11",0.600000,0.0012546505,0.0012477098,0.0051801764,0.0472886787
direct Chebyshev,"spot, degree=13",0.600000,0.1062015335,0.0639608300,0.0032287784,0.0170875366
log Chebyshev,"spot, degree=13",0.600000,0.0018980335,0.0018805023,0.0062491087,0.0508809639
direct Chebyshev,"spot, degree=15",0.600000,0.0771337144,0.0490505083,0.0031513944,0.0181560373
log Chebyshev,"spot, degree=15",0.600000,0.0021049088,0.0020731465,0.0032129047,0.0219776635
direct Chebyshev,"spot, degree=18",0.600000,0.1218665252,0.0933260013,0.0034179121,0.0201943047
log Chebyshev,"spot, degree=18",0.600000,0.0018394468,0.0018189655,0.0034944487,0.0190653150
direct Chebyshev,"spot, degree=22",0.600000,0.0745941351,0.0698521345,0.0037869355,0.0186691139
log Chebyshev,"spot, degree=22",0.600000,0.0027046009,0.0026696941,0.0081973787,0.1251949365
log cosine Fourier,"spot, order=3",0.600000,9.2406296977,8.8623291548,11.9333124855,57.6053499048
log full Fourier,"spot, order=3",0.600000,5.4042324951,3.7435129947,11.5736425785,107.9325836201
log cosine Fourier,"spot, order=5",0.600000,13.0362544363,12.8216297804,11.8970963264,57.6120533936
log full Fourier,"spot, order=5",0.600000,4.2094483455,2.5725583425,8.9780781312,123.4693578775
log cosine Fourier,"spot, order=7",0.600000,14.8787625556,14.3483743695,11.8921978171,57.6140845230
log full Fourier,"spot, order=7",0.600000,3.8135703256,2.5414189210,7.3649422935,131.0806541902
log cosine Fourier,"spot, order=9",0.600000,14.7151071154,13.9357836798,11.8912476745,57.6148273404
log full Fourier,"spot, order=9",0.600000,3.6587175112,2.3822686221,6.2508169409,133.2952918999
log cosine Fourier,"spot, order=11",0.600000,14.4168185513,13.6404761703,11.8910077689,57.6150535156
log full Fourier,"spot, order=11",0.600000,3.6041534498,2.1993195601,5.4237203826,134.9826916800
log cosine Fourier,"spot, order=14",0.600000,14.3914687463,13.5952219189,11.8910860358,57.6149462563
log full Fourier,"spot, order=14",0.600000,3.6148190499,1.9761014551,4.4984552975,132.0560484409
log cosine Fourier,"spot, order=18",0.600000,13.7203108540,13.1167821280,11.8912414755,57.6143632293
log full Fourier,"spot, order=18",0.600000,3.7220001662,1.4823165732,3.6182244156,126.2030549336
direct B-spline,"spot, knots=6",0.600000,1.0866637067,0.6363625547,0.0093560883,0.0260593134
log B-spline,"spot, knots=6",0.600000,0.0022706410,0.0020930941,0.0043047611,0.0193465629
direct B-spline,"spot, knots=8",0.600000,0.2765111897,0.2623309692,0.0043094831,0.0170085435
log B-spline,"spot, knots=8",0.600000,0.0015275879,0.0015034929,0.0033188819,0.0148860072
direct B-spline,"spot, knots=10",0.600000,0.0890678042,0.0866517361,0.0035036085,0.0160143184
log B-spline,"spot, knots=10",0.600000,0.0011467418,0.0011371356,0.0035110402,0.0175177971
direct B-spline,"spot, knots=12",0.600000,0.0296815113,0.0284289401,0.0036825915,0.0165580635
log B-spline,"spot, knots=12",0.600000,0.0023085934,0.0022869285,0.0036306259,0.0156832154
direct B-spline,"spot, knots=16",0.600000,0.0289773786,0.0281442989,0.0038088484,0.0201963659
log B-spline,"spot, knots=16",0.600000,0.0024254517,0.0023917003,0.0035103413,0.0218935483
direct B-spline,"spot, knots=20",0.600000,0.0107442951,0.0095652169,0.0039467214,0.0216071537
log B-spline,"spot, knots=20",0.600000,0.0023482331,0.0023118891,0.0038182197,0.0246819294
direct B-spline,"spot, knots=28",0.600000,0.0102528604,0.0091796535,0.0052017525,0.0306299003
log B-spline,"spot, knots=28",0.600000,0.0029663934,0.0028596618,0.0052146042,0.0308194125
direct natural cubic,"spot, knots=6",0.600000,3.5364575144,3.3290359849,0.0156836715,0.0589477290
log natural cubic,"spot, knots=6",0.600000,0.3775887367,0.3755731816,0.5906682715,2.0172766665
direct natural cubic,"spot, knots=10",0.600000,0.7400153473,0.7320760112,0.0044775286,0.0135272810
log natural cubic,"spot, knots=10",0.600000,0.1697921025,0.1636434390,0.0601962846,0.2090898596
direct natural cubic,"spot, knots=14",0.600000,0.2354665380,0.2318391045,0.0036853051,0.0185238178
log natural cubic,"spot, knots=14",0.600000,0.0871467120,0.0861194707,0.0063816316,0.0191611820
direct natural cubic,"spot, knots=18",0.600000,0.1200171873,0.1178720637,0.0036422167,0.0172766956
log natural cubic,"spot, knots=18",0.600000,0.0496437222,0.0488191825,0.0042486757,0.0173677183
direct PCHIP,spot,0.600000,0.0138783047,0.0125202023,0.0078978114,0.0698077074
log PCHIP,spot,0.600000,0.0137946207,0.0125115549,0.0079064677,0.0697965418
direct LOESS,"spot, frac=0.14",0.600000,0.0102538436,0.0089288688,0.0035942117,0.0219229950
log LOESS,"spot, frac=0.14",0.600000,0.0036747993,0.0033385242,0.0042031564,0.0261317447
direct LOESS,"spot, frac=0.22",0.600000,0.1160999861,0.0898007640,0.0026688996,0.0145507982
log LOESS,"spot, frac=0.22",0.600000,0.0022277253,0.0021918251,0.0075062736,0.0831740333
direct LOESS,"spot, frac=0.35",0.600000,1.6786260416,1.1450127817,0.0074098286,0.0256998144
log LOESS,"spot, frac=0.35",0.600000,0.0076263447,0.0068021760,0.0360720586,0.4394905383
direct polynomial,"d1, degree=5",0.800000,15.4305509880,15.3400537382,0.1061360513,0.3408020628
log polynomial,"d1, degree=5",0.800000,0.0051355647,0.0051267994,0.0104581105,0.0974896563
direct polynomial,"d1, degree=7",0.800000,6.4639376898,2.9479899179,0.0241637404,0.0820586028
log polynomial,"d1, degree=7",0.800000,0.0037024873,0.0036957617,0.0023981220,0.0105863859
direct polynomial,"d1, degree=9",0.800000,0.8304909443,0.8001143317,0.0057133999,0.0179167180
log polynomial,"d1, degree=9",0.800000,0.0053659831,0.0053479587,0.0068034069,0.0807091110
direct polynomial,"d1, degree=11",0.800000,0.2971989700,0.1850951886,0.0021976789,0.0069189530
log polynomial,"d1, degree=11",0.800000,0.0055788807,0.0055571163,0.0044092839,0.0387551794
direct Chebyshev,"d1, degree=5",0.800000,15.4305512535,15.3400540181,0.1061360515,0.3408020764
log Chebyshev,"d1, degree=5",0.800000,0.0051355644,0.0051267992,0.0104581112,0.0974895669
direct Chebyshev,"d1, degree=7",0.800000,6.4639387441,2.9479901868,0.0241637408,0.0820585844
log Chebyshev,"d1, degree=7",0.800000,0.0037024870,0.0036957614,0.0023981214,0.0105864025
direct Chebyshev,"d1, degree=9",0.800000,0.8304915059,0.8001149251,0.0057134001,0.0179167364
log Chebyshev,"d1, degree=9",0.800000,0.0053659831,0.0053479586,0.0068034102,0.0807090090
direct Chebyshev,"d1, degree=11",0.800000,0.2972001977,0.1850962498,0.0021976799,0.0069189550
log Chebyshev,"d1, degree=11",0.800000,0.0055788813,0.0055571170,0.0044092822,0.0387550241
direct Chebyshev,"d1, degree=13",0.800000,0.0144436933,0.0139456116,0.0017829926,0.0076555018
log Chebyshev,"d1, degree=13",0.800000,0.0047569665,0.0047410986,0.0017926546,0.0094612303
direct Chebyshev,"d1, degree=15",0.800000,0.1301248542,0.1142598057,0.0020249172,0.0085882243
log Chebyshev,"d1, degree=15",0.800000,0.0048486016,0.0048094026,0.0040396889,0.0333354254
direct Chebyshev,"d1, degree=18",0.800000,0.0084654983,0.0081738811,0.0019204565,0.0111296613
log Chebyshev,"d1, degree=18",0.800000,0.0043828971,0.0043683999,0.0029459698,0.0184320126
direct Chebyshev,"d1, degree=22",0.800000,0.1143547267,0.0614634584,0.0020948346,0.0128897681
log Chebyshev,"d1, degree=22",0.800000,0.0044719510,0.0044535617,0.0022605460,0.0151167132
log cosine Fourier,"d1, order=3",0.800000,47.8544764291,45.3773992818,9.0711991906,38.4083650155
log full Fourier,"d1, order=3",0.800000,11.2273420486,5.5787379208,7.5757753413,52.4691487972
log cosine Fourier,"d1, order=5",0.800000,51.7882577530,48.7841990226,9.0701765764,38.4240734692
log full Fourier,"d1, order=5",0.800000,9.6564966800,2.9568404498,6.0302160878,60.1493596051
log cosine Fourier,"d1, order=7",0.800000,48.2862833676,45.7228288221,9.0700147511,38.4307074477
log full Fourier,"d1, order=7",0.800000,8.9930988339,1.9595235484,5.0225168544,63.5664261068
log cosine Fourier,"d1, order=9",0.800000,48.5489388317,45.5966737966,9.0699830184,38.4344836211
log full Fourier,"d1, order=9",0.800000,8.6154814950,1.9205897368,4.3218061615,65.1621574003
log cosine Fourier,"d1, order=11",0.800000,49.9033101896,46.7363980107,9.0699632508,38.4369057982
log full Fourier,"d1, order=11",0.800000,8.3732637838,1.8592101283,3.7895618039,65.8898845675
log cosine Fourier,"d1, order=14",0.800000,48.7352007062,45.9508571348,9.0699505991,38.4392531429
log full Fourier,"d1, order=14",0.800000,8.1385293133,1.7462450589,3.1894308738,64.9529811405
log cosine Fourier,"d1, order=18",0.800000,49.4445194966,46.3626555784,9.0699381403,38.4411100880
log full Fourier,"d1, order=18",0.800000,7.9528347995,1.4474406480,2.6224285098,63.0256157243
direct B-spline,"d1, knots=6",0.800000,0.1517271352,0.1491557721,0.0044770840,0.0141078967
log B-spline,"d1, knots=6",0.800000,0.0048303534,0.0048087125,0.0018992151,0.0083058154
direct B-spline,"d1, knots=8",0.800000,0.0384661660,0.0347158353,0.0021576746,0.0067808536
log B-spline,"d1, knots=8",0.800000,0.0060807599,0.0060529774,0.0018316269,0.0074293267
direct B-spline,"d1, knots=10",0.800000,0.0277500112,0.0265948749,0.0018123790,0.0065873923
log B-spline,"d1, knots=10",0.800000,0.0055956861,0.0055469254,0.0017224324,0.0064927322
direct B-spline,"d1, knots=12",0.800000,0.0132509412,0.0128171142,0.0017809446,0.0067984711
log B-spline,"d1, knots=12",0.800000,0.0041203035,0.0040977063,0.0017820084,0.0069896050
direct B-spline,"d1, knots=16",0.800000,0.0176451350,0.0169310506,0.0024015566,0.0086262089
log B-spline,"d1, knots=16",0.800000,0.0051264694,0.0050533551,0.0027516316,0.0104161319
direct B-spline,"d1, knots=20",0.800000,0.0046605148,0.0045948798,0.0026798633,0.0087058412
log B-spline,"d1, knots=20",0.800000,0.0047937357,0.0047642176,0.0026341551,0.0090396974
direct B-spline,"d1, knots=28",0.800000,0.0052448061,0.0051163859,0.0033429322,0.0159253876
log B-spline,"d1, knots=28",0.800000,0.0061907849,0.0057862089,0.0032974764,0.0152788399
direct natural cubic,"d1, knots=6",0.800000,0.5769593234,0.5720189729,0.0081032891,0.0563389889
log natural cubic,"d1, knots=6",0.800000,0.1237180194,0.1176960398,0.0811437895,0.2551902277
direct natural cubic,"d1, knots=10",0.800000,0.1143642429,0.1125844624,0.0024910735,0.0205877485
log natural cubic,"d1, knots=10",0.800000,0.0461489909,0.0453946811,0.0075712554,0.0401450941
direct natural cubic,"d1, knots=14",0.800000,0.0438782573,0.0426176524,0.0020253170,0.0100725194
log natural cubic,"d1, knots=14",0.800000,0.0202372822,0.0187485466,0.0027125034,0.0250258396
direct natural cubic,"d1, knots=18",0.800000,0.0196830412,0.0188007430,0.0028122749,0.0118624268
log natural cubic,"d1, knots=18",0.800000,0.0075745209,0.0074003431,0.0031028218,0.0138535172
direct PCHIP,d1,0.800000,0.0208983175,0.0166643076,0.0050230481,0.0385113957
log PCHIP,d1,0.800000,0.0208006050,0.0167098300,0.0050262623,0.0385136054
direct LOESS,"d1, frac=0.14",0.800000,0.0085611808,0.0072604085,0.0025520841,0.0102957080
log LOESS,"d1, frac=0.14",0.800000,0.0048871012,0.0047884769,0.0024985621,0.0109704138
direct LOESS,"d1, frac=0.22",0.800000,0.0954365322,0.0755863121,0.0021180919,0.0075982863
log LOESS,"d1, frac=0.22",0.800000,0.0046208033,0.0045515865,0.0023959670,0.0306247822
direct LOESS,"d1, frac=0.35",0.800000,1.2974054653,0.8402043501,0.0059512905,0.0153049616
log LOESS,"d1, frac=0.35",0.800000,0.0049323446,0.0042667109,0.0114523662,0.1899977939
direct polynomial,"logm, degree=5",0.800000,15.4508136821,15.3599369949,0.1061351466,0.3401369520
log polynomial,"logm, degree=5",0.800000,0.0051176825,0.0051070074,0.0106393542,0.1003167688
direct polynomial,"logm, degree=7",0.800000,6.1426590746,4.1413405221,0.0281272024,0.0614265907
log polynomial,"logm, degree=7",0.800000,0.0038205273,0.0038146118,0.0029767976,0.0210861097
direct polynomial,"logm, degree=9",0.800000,6.3784332520,4.1826212702,0.0282947551,0.0637843325
log polynomial,"logm, degree=9",0.800000,0.0038215575,0.0038151248,0.0030179227,0.0222438173
direct polynomial,"logm, degree=11",0.800000,6.3828259352,4.1836897112,0.0282993935,0.0638282594
log polynomial,"logm, degree=11",0.800000,0.0038219635,0.0038154340,0.0030209897,0.0223030463
direct Chebyshev,"logm, degree=5",0.800000,15.4305512535,15.3400540181,0.1061360515,0.3408020764
log Chebyshev,"logm, degree=5",0.800000,0.0051355644,0.0051267992,0.0104581112,0.0974895669
direct Chebyshev,"logm, degree=7",0.800000,6.4639387441,2.9479901868,0.0241637408,0.0820585844
log Chebyshev,"logm, degree=7",0.800000,0.0037024870,0.0036957614,0.0023981214,0.0105864025
direct Chebyshev,"logm, degree=9",0.800000,0.8304915059,0.8001149251,0.0057134001,0.0179167364
log Chebyshev,"logm, degree=9",0.800000,0.0053659831,0.0053479586,0.0068034102,0.0807090090
direct Chebyshev,"logm, degree=11",0.800000,0.2972001977,0.1850962498,0.0021976799,0.0069189550
log Chebyshev,"logm, degree=11",0.800000,0.0055788813,0.0055571170,0.0044092822,0.0387550241
direct Chebyshev,"logm, degree=13",0.800000,0.0144436933,0.0139456116,0.0017829926,0.0076555018
log Chebyshev,"logm, degree=13",0.800000,0.0047569665,0.0047410986,0.0017926546,0.0094612303
direct Chebyshev,"logm, degree=15",0.800000,0.1301248542,0.1142598057,0.0020249172,0.0085882243
log Chebyshev,"logm, degree=15",0.800000,0.0048486016,0.0048094026,0.0040396889,0.0333354254
direct Chebyshev,"logm, degree=18",0.800000,0.0084654983,0.0081738811,0.0019204565,0.0111296613
log Chebyshev,"logm, degree=18",0.800000,0.0043828971,0.0043683999,0.0029459698,0.0184320126
direct Chebyshev,"logm, degree=22",0.800000,0.1143547267,0.0614634584,0.0020948346,0.0128897681
log Chebyshev,"logm, degree=22",0.800000,0.0044719510,0.0044535617,0.0022605460,0.0151167132
log cosine Fourier,"logm, order=3",0.800000,47.8544764291,45.3773992818,9.0711991906,38.4083650155
log full Fourier,"logm, order=3",0.800000,11.2273420486,5.5787379208,7.5757753413,52.4691487972
log cosine Fourier,"logm, order=5",0.800000,51.7882577530,48.7841990226,9.0701765764,38.4240734692
log full Fourier,"logm, order=5",0.800000,9.6564966800,2.9568404498,6.0302160878,60.1493596051
log cosine Fourier,"logm, order=7",0.800000,48.2862833676,45.7228288221,9.0700147511,38.4307074477
log full Fourier,"logm, order=7",0.800000,8.9930988339,1.9595235484,5.0225168544,63.5664261068
log cosine Fourier,"logm, order=9",0.800000,48.5489388317,45.5966737966,9.0699830184,38.4344836211
log full Fourier,"logm, order=9",0.800000,8.6154814950,1.9205897368,4.3218061615,65.1621574003
log cosine Fourier,"logm, order=11",0.800000,49.9033101896,46.7363980107,9.0699632508,38.4369057982
log full Fourier,"logm, order=11",0.800000,8.3732637838,1.8592101283,3.7895618039,65.8898845675
log cosine Fourier,"logm, order=14",0.800000,48.7352007062,45.9508571348,9.0699505991,38.4392531429
log full Fourier,"logm, order=14",0.800000,8.1385293133,1.7462450589,3.1894308738,64.9529811405
log cosine Fourier,"logm, order=18",0.800000,49.4445194966,46.3626555784,9.0699381403,38.4411100880
log full Fourier,"logm, order=18",0.800000,7.9528347995,1.4474406480,2.6224285098,63.0256157243
direct B-spline,"logm, knots=6",0.800000,0.1517271352,0.1491557721,0.0044770840,0.0141078967
log B-spline,"logm, knots=6",0.800000,0.0048303534,0.0048087125,0.0018992151,0.0083058154
direct B-spline,"logm, knots=8",0.800000,0.0384661660,0.0347158353,0.0021576746,0.0067808536
log B-spline,"logm, knots=8",0.800000,0.0060807599,0.0060529774,0.0018316269,0.0074293267
direct B-spline,"logm, knots=10",0.800000,0.0277500112,0.0265948749,0.0018123790,0.0065873923
log B-spline,"logm, knots=10",0.800000,0.0055956861,0.0055469254,0.0017224324,0.0064927322
direct B-spline,"logm, knots=12",0.800000,0.0132509412,0.0128171142,0.0017809446,0.0067984711
log B-spline,"logm, knots=12",0.800000,0.0041203035,0.0040977063,0.0017820084,0.0069896050
direct B-spline,"logm, knots=16",0.800000,0.0176451350,0.0169310506,0.0024015566,0.0086262089
log B-spline,"logm, knots=16",0.800000,0.0051264694,0.0050533551,0.0027516316,0.0104161319
direct B-spline,"logm, knots=20",0.800000,0.0046605148,0.0045948798,0.0026798633,0.0087058412
log B-spline,"logm, knots=20",0.800000,0.0047937357,0.0047642176,0.0026341551,0.0090396974
direct B-spline,"logm, knots=28",0.800000,0.0052448061,0.0051163859,0.0033429322,0.0159253876
log B-spline,"logm, knots=28",0.800000,0.0061907849,0.0057862089,0.0032974764,0.0152788399
direct natural cubic,"logm, knots=6",0.800000,0.5754137069,0.5700627161,0.0080986377,0.0564097362
log natural cubic,"logm, knots=6",0.800000,0.1238477199,0.1178488318,0.0800975378,0.2516306723
direct natural cubic,"logm, knots=10",0.800000,0.1185726896,0.1161693434,0.0024928683,0.0206509615
log natural cubic,"logm, knots=10",0.800000,0.0441917720,0.0436618108,0.0049465280,0.0476716780
direct natural cubic,"logm, knots=14",0.800000,0.0445207686,0.0433140303,0.0019076348,0.0101778380
log natural cubic,"logm, knots=14",0.800000,0.0186387013,0.0182651826,0.0022549360,0.0263686251
direct natural cubic,"logm, knots=18",0.800000,0.0249543467,0.0243232549,0.0018800036,0.0080685393
log natural cubic,"logm, knots=18",0.800000,0.0108323728,0.0105704605,0.0019865791,0.0160222522
direct PCHIP,logm,0.800000,0.0208983175,0.0166643076,0.0050230481,0.0385113957
log PCHIP,logm,0.800000,0.0208006050,0.0167098300,0.0050262623,0.0385136054
direct LOESS,"logm, frac=0.14",0.800000,0.0085584125,0.0072591622,0.0025519872,0.0102904959
log LOESS,"logm, frac=0.14",0.800000,0.0048854558,0.0047867651,0.0024995659,0.0109776063
direct LOESS,"logm, frac=0.22",0.800000,0.0954345471,0.0755854877,0.0021180961,0.0075971823
log LOESS,"logm, frac=0.22",0.800000,0.0046204315,0.0045512371,0.0023962035,0.0306222866
direct LOESS,"logm, frac=0.35",0.800000,1.2974033806,0.8402027793,0.0059513025,0.0153048858
log LOESS,"logm, frac=0.35",0.800000,0.0049323229,0.0042666225,0.0114523204,0.1899969574
direct polynomial,"spot, degree=5",0.800000,16.4537993625,16.3502870451,0.0775622810,0.1645379936
log polynomial,"spot, degree=5",0.800000,0.0031248976,0.0031197703,0.0062996806,0.0933913433
direct polynomial,"spot, degree=7",0.800000,5.9930717597,5.9524384351,0.0438265520,0.1186421869
log polynomial,"spot, degree=7",0.800000,0.0035947005,0.0035880628,0.0019674921,0.0156440218
direct polynomial,"spot, degree=9",0.800000,5.9471843088,5.9101054584,0.0432204574,0.1140183155
log polynomial,"spot, degree=9",0.800000,0.0035902647,0.0035836071,0.0018909558,0.0133270457
direct polynomial,"spot, degree=11",0.800000,5.9431867776,5.9061688909,0.0431533936,0.1134051316
log polynomial,"spot, degree=11",0.800000,0.0035899489,0.0035832933,0.0018868286,0.0131844260
direct Chebyshev,"spot, degree=5",0.800000,16.5161124373,16.4119541385,0.0774071983,0.1651611244
log Chebyshev,"spot, degree=5",0.800000,0.0031341523,0.0031302214,0.0062306100,0.0925680817
direct Chebyshev,"spot, degree=7",0.800000,5.8327171118,2.5666339147,0.0125292367,0.0583271711
log Chebyshev,"spot, degree=7",0.800000,0.0036305088,0.0036240911,0.0018079125,0.0062001869
direct Chebyshev,"spot, degree=9",0.800000,0.3199665481,0.3105149595,0.0034090393,0.0091661471
log Chebyshev,"spot, degree=9",0.800000,0.0041117406,0.0041022715,0.0042186957,0.0419415186
direct Chebyshev,"spot, degree=11",0.800000,0.0712316416,0.0701740959,0.0020022324,0.0082638535
log Chebyshev,"spot, degree=11",0.800000,0.0057848112,0.0057625739,0.0068671188,0.0544539091
direct Chebyshev,"spot, degree=13",0.800000,0.2137368908,0.1276152577,0.0020816058,0.0081185940
log Chebyshev,"spot, degree=13",0.800000,0.0055800631,0.0055476918,0.0044929888,0.0373240947
direct Chebyshev,"spot, degree=15",0.800000,0.0148404442,0.0142037378,0.0019320246,0.0115821808
log Chebyshev,"spot, degree=15",0.800000,0.0046677818,0.0046490391,0.0020780079,0.0105682230
direct Chebyshev,"spot, degree=18",0.800000,0.0751213890,0.0559402321,0.0019949124,0.0122776481
log Chebyshev,"spot, degree=18",0.800000,0.0046541796,0.0046102523,0.0035171651,0.0342085571
direct Chebyshev,"spot, degree=22",0.800000,0.1254395023,0.1055804107,0.0024407216,0.0121849041
log Chebyshev,"spot, degree=22",0.800000,0.0045382709,0.0045153973,0.0021771697,0.0164037126
log cosine Fourier,"spot, order=3",0.800000,14.6879188087,14.1590236588,8.4805675732,38.4932695712
log full Fourier,"spot, order=3",0.800000,5.3883963314,3.4457270199,7.7080898929,65.4172651240
log cosine Fourier,"spot, order=5",0.800000,19.8697797251,19.0584226069,8.4695352859,38.4999425388
log full Fourier,"spot, order=5",0.800000,4.3572034466,2.3353014577,6.0073377534,74.5345976637
log cosine Fourier,"spot, order=7",0.800000,20.2895764499,19.1858092996,8.4681272021,38.5020238491
log full Fourier,"spot, order=7",0.800000,4.0044929833,2.2849025610,4.9351012153,78.6761026209
log cosine Fourier,"spot, order=9",0.800000,19.4011039422,18.2796414466,8.4679003887,38.5028045218
log full Fourier,"spot, order=9",0.800000,3.8555302712,2.1853312351,4.1958204306,80.3244757089
log cosine Fourier,"spot, order=11",0.800000,19.2066875728,18.2140113507,8.4678558661,38.5030703102
log full Fourier,"spot, order=11",0.800000,3.7893529637,2.0948570580,3.6491140901,80.3096298336
log cosine Fourier,"spot, order=14",0.800000,19.1103506640,18.1584840319,8.4678485065,38.5030078558
log full Fourier,"spot, order=14",0.800000,3.7696173893,1.7920230705,3.0489715037,80.0211592216
log cosine Fourier,"spot, order=18",0.800000,19.4653737518,18.6465535028,8.4678706846,38.5024947134
log full Fourier,"spot, order=18",0.800000,3.8201811322,1.4518560474,2.4682420540,76.5985696399
direct B-spline,"spot, knots=6",0.800000,0.8073766667,0.6342427789,0.0051518555,0.0158269483
log B-spline,"spot, knots=6",0.800000,0.0040644280,0.0040527420,0.0018024108,0.0082186523
direct B-spline,"spot, knots=8",0.800000,0.1064421912,0.1041843182,0.0023395427,0.0067632288
log B-spline,"spot, knots=8",0.800000,0.0045827663,0.0045726810,0.0017976794,0.0067052885
direct B-spline,"spot, knots=10",0.800000,0.0355595644,0.0343879320,0.0018374099,0.0072582366
log B-spline,"spot, knots=10",0.800000,0.0058773793,0.0058479215,0.0018489681,0.0079439366
direct B-spline,"spot, knots=12",0.800000,0.0199135476,0.0195199558,0.0019721938,0.0084402575
log B-spline,"spot, knots=12",0.800000,0.0060921116,0.0060448025,0.0019724933,0.0084261780
direct B-spline,"spot, knots=16",0.800000,0.0090110679,0.0087236422,0.0020791175,0.0089694640
log B-spline,"spot, knots=16",0.800000,0.0044111986,0.0043920445,0.0024311225,0.0101832781
direct B-spline,"spot, knots=20",0.800000,0.0123793272,0.0118570391,0.0027249382,0.0118683593
log B-spline,"spot, knots=20",0.800000,0.0047913853,0.0047479849,0.0028862751,0.0133288812
direct B-spline,"spot, knots=28",0.800000,0.0050120774,0.0049530478,0.0034966938,0.0163885929
log B-spline,"spot, knots=28",0.800000,0.0048762497,0.0048382914,0.0035799347,0.0184741036
direct natural cubic,"spot, knots=6",0.800000,1.9511013868,1.8451775375,0.0065106935,0.0212779315
log natural cubic,"spot, knots=6",0.800000,0.2718177589,0.2704955073,0.2668390673,0.8618714172
direct natural cubic,"spot, knots=10",0.800000,0.3520675264,0.3486279350,0.0022664698,0.0064381412
log natural cubic,"spot, knots=10",0.800000,0.1131990968,0.1119765517,0.0162134128,0.0540352225
direct natural cubic,"spot, knots=14",0.800000,0.1324354235,0.1299372306,0.0019192794,0.0065311026
log natural cubic,"spot, knots=14",0.800000,0.0540734648,0.0535384471,0.0027188500,0.0178686974
direct natural cubic,"spot, knots=18",0.800000,0.0721858212,0.0710707765,0.0019521215,0.0063128623
log natural cubic,"spot, knots=18",0.800000,0.0316440244,0.0313279856,0.0022573628,0.0100897798
direct PCHIP,spot,0.800000,0.0208955416,0.0166648852,0.0050239168,0.0385090528
log PCHIP,spot,0.800000,0.0208003263,0.0167069961,0.0050270996,0.0385120704
direct LOESS,"spot, frac=0.14",0.800000,0.0082437687,0.0068836681,0.0025913421,0.0103733323
log LOESS,"spot, frac=0.14",0.800000,0.0048798119,0.0048267939,0.0025141781,0.0107424915
direct LOESS,"spot, frac=0.22",0.800000,0.0932988827,0.0728302842,0.0024467447,0.0084047354
log LOESS,"spot, frac=0.22",0.800000,0.0047168131,0.0046905667,0.0026955631,0.0443917169
direct LOESS,"spot, frac=0.35",0.800000,1.2905531345,0.8663605068,0.0072079004,0.0185635525
log LOESS,"spot, frac=0.35",0.800000,0.0067268910,0.0052194531,0.0178732088,0.2591251325

aggregate_method,detail,worst_max_rel,avg_p99_rel,avg_mae,worst_max_abs
log polynomial,"spot, degree=11",0.0035899489,0.0020525222,0.0041843734,0.0669243895
log polynomial,"spot, degree=9",0.0035902647,0.0019321100,0.0046434073,0.0791801516
log Chebyshev,"d1, degree=7",0.0037024870,0.0019566917,0.0056238417,0.1989907116
log Chebyshev,"logm, degree=7",0.0037024870,0.0019566917,0.0056238417,0.1989907116
log polynomial,"d1, degree=7",0.0037024873,0.0019566916,0.0056238405,0.1989903821
log polynomial,"logm, degree=7",0.0038205273,0.0019871122,0.0057814015,0.1989565939
log Chebyshev,"spot, degree=9",0.0041117406,0.0020855207,0.0059531930,0.0772774061
log polynomial,"logm, degree=9",0.0041714970,0.0026232951,0.0057635327,0.1399828739
log B-spline,"spot, knots=6",0.0042426194,0.0034040623,0.0045552664,0.0709517085
log polynomial,"spot, degree=7",0.0044240371,0.0025445284,0.0145758262,0.3885727642
log Chebyshev,"spot, degree=7",0.0044278023,0.0025605942,0.0146655002,0.3889034676
log B-spline,"d1, knots=12",0.0044700088,0.0034089763,0.0044820125,0.0430114797
log B-spline,"logm, knots=12",0.0044700088,0.0034089763,0.0044820125,0.0430114797
log B-spline,"spot, knots=8",0.0045827663,0.0026843927,0.0043391902,0.0464451754
log Chebyshev,"spot, degree=18",0.0046541796,0.0035102902,0.0062176286,0.0790491324
log polynomial,"logm, degree=11",0.0047419001,0.0027553212,0.0036429855,0.0329994490
log Chebyshev,"d1, degree=13",0.0047569665,0.0032858090,0.0051560257,0.0509472318
log Chebyshev,"logm, degree=13",0.0047569665,0.0032858090,0.0051560257,0.0509472318
log B-spline,"logm, knots=6",0.0048303534,0.0027085795,0.0036629696,0.0271918810
log B-spline,"d1, knots=6",0.0048303534,0.0027085795,0.0036629696,0.0271918810
log Chebyshev,"spot, degree=22",0.0048413332,0.0040349552,0.0064507357,0.1594639978
log Chebyshev,"d1, degree=15",0.0048486016,0.0036591618,0.0052443173,0.0632405863
log Chebyshev,"logm, degree=15",0.0048486016,0.0036591618,0.0052443173,0.0632405863
log B-spline,"spot, knots=28",0.0050063420,0.0041421306,0.0060992475,0.0678002399
log LOESS,"logm, frac=0.22",0.0050548231,0.0038087995,0.0054608885,0.0876398648
log LOESS,"d1, frac=0.22",0.0050548482,0.0038089059,0.0054608947,0.0876403244
log Chebyshev,"spot, degree=15",0.0050890550,0.0035764035,0.0059276581,0.1052389608
log polynomial,"logm, degree=5",0.0051176825,0.0036209360,0.0255237846,0.3535620972
log B-spline,"d1, knots=16",0.0051264694,0.0041126070,0.0046742076,0.0562712283
log B-spline,"logm, knots=16",0.0051264694,0.0041126070,0.0046742076,0.0562712283
log Chebyshev,"d1, degree=5",0.0051355644,0.0036254804,0.0254755502,0.3535560839
log Chebyshev,"logm, degree=5",0.0051355644,0.0036254804,0.0254755502,0.3535560839
log polynomial,"d1, degree=5",0.0051355647,0.0036254816,0.0254755490,0.3535562990
log LOESS,"logm, frac=0.35",0.0052631957,0.0035078906,0.0216472808,0.4622778800
log LOESS,"d1, frac=0.35",0.0052631966,0.0035079133,0.0216473098,0.4622779647
log polynomial,"d1, degree=9",0.0053659831,0.0030682784,0.0071442412,0.1501874478
log Chebyshev,"d1, degree=9",0.0053659831,0.0030682783,0.0071442403,0.1501876926
log Chebyshev,"logm, degree=9",0.0053659831,0.0030682783,0.0071442403,0.1501876926
log Chebyshev,"d1, degree=18",0.0054633154,0.0040240386,0.0055456688,0.0554453616
log Chebyshev,"logm, degree=18",0.0054633154,0.0040240386,0.0055456688,0.0554453616
log polynomial,"d1, degree=11",0.0055788807,0.0035264780,0.0080737795,0.1442122217
log Chebyshev,"d1, degree=11",0.0055788813,0.0035264780,0.0080737820,0.1442125293
log Chebyshev,"logm, degree=11",0.0055788813,0.0035264780,0.0080737820,0.1442125293
log Chebyshev,"spot, degree=13",0.0055800631,0.0034365940,0.0089778169,0.1670517943
log B-spline,"logm, knots=10",0.0055956861,0.0042378419,0.0040026597,0.0586607293
log B-spline,"d1, knots=10",0.0055956861,0.0042378419,0.0040026597,0.0586607293
log LOESS,"spot, frac=0.22",0.0056762214,0.0039508386,0.0078469247,0.1530252011
log Chebyshev,"d1, degree=22",0.0057353615,0.0043273950,0.0063241726,0.1489805266
log Chebyshev,"logm, degree=22",0.0057353615,0.0043273950,0.0063241726,0.1489805266
log B-spline,"spot, knots=20",0.0057735505,0.0040722079,0.0049010130,0.0625527485
log Chebyshev,"spot, degree=11",0.0057848112,0.0028843315,0.0075411975,0.1014252007
log B-spline,"spot, knots=10",0.0058773793,0.0028259082,0.0042632301,0.0575610467
log B-spline,"logm, knots=8",0.0060807599,0.0038622526,0.0048069356,0.0640242983
log B-spline,"d1, knots=8",0.0060807599,0.0038622526,0.0048069356,0.0640242983
log B-spline,"spot, knots=12",0.0060921116,0.0034297554,0.0045354835,0.0502332865
log B-spline,"spot, knots=16",0.0062950351,0.0043112172,0.0047943996,0.0548841783
log B-spline,"logm, knots=20",0.0074673618,0.0049726484,0.0047371134,0.0596798908
log B-spline,"d1, knots=20",0.0074673618,0.0049726484,0.0047371134,0.0596798908
log LOESS,"spot, frac=0.14",0.0082961227,0.0051741300,0.0048563093,0.0659976208
log LOESS,"d1, frac=0.14",0.0083507377,0.0051574122,0.0046569757,0.0572136191
log LOESS,"logm, frac=0.14",0.0083508597,0.0051568884,0.0046570271,0.0572148404
log B-spline,"d1, knots=28",0.0097771138,0.0061451199,0.0054319652,0.0670851685
log B-spline,"logm, knots=28",0.0097771138,0.0061451199,0.0054319652,0.0670851685
log natural cubic,"d1, knots=18",0.0114875599,0.0092905875,0.0051651737,0.0431759154
log natural cubic,"logm, knots=18",0.0123647336,0.0104943967,0.0047618399,0.0411932690
direct LOESS,"spot, frac=0.14",0.0126447992,0.0091331164,0.0046695352,0.0572351463
log LOESS,"spot, frac=0.35",0.0129819661,0.0091112614,0.0420193359,0.8136410181
direct LOESS,"logm, frac=0.14",0.0136436447,0.0102425431,0.0046594864,0.0563167230
direct LOESS,"d1, frac=0.14",0.0136439075,0.0102434785,0.0046593954,0.0563182593
direct B-spline,"spot, knots=28",0.0138297445,0.0081466999,0.0060556333,0.0652226523
direct B-spline,"d1, knots=28",0.0167509939,0.0099159968,0.0055562764,0.0646700498
direct B-spline,"logm, knots=28",0.0167509939,0.0099159968,0.0055562764,0.0646700498
direct B-spline,"logm, knots=20",0.0167607868,0.0086159613,0.0047989772,0.0576994082
direct B-spline,"d1, knots=20",0.0167607868,0.0086159613,0.0047989772,0.0576994082
direct B-spline,"d1, knots=16",0.0176451350,0.0127120339,0.0046491029,0.0546602344
direct B-spline,"logm, knots=16",0.0176451350,0.0127120339,0.0046491029,0.0546602344
direct B-spline,"d1, knots=12",0.0240669304,0.0153586030,0.0041520261,0.0500405914
direct B-spline,"logm, knots=12",0.0240669304,0.0153586030,0.0041520261,0.0500405914
direct natural cubic,"d1, knots=18",0.0248339606,0.0213938810,0.0049001820,0.0620883943
direct PCHIP,spot,0.0263266832,0.0134713929,0.0095001663,0.1022920548
direct PCHIP,logm,0.0263275253,0.0134656725,0.0094960549,0.1023016255
direct PCHIP,d1,0.0263275253,0.0134656725,0.0094960549,0.1023016255
log PCHIP,spot,0.0263682171,0.0135821006,0.0095102680,0.1023036365
log PCHIP,d1,0.0263718433,0.0135787128,0.0095061811,0.1023169413
log PCHIP,logm,0.0263718433,0.0135787128,0.0095061811,0.1023169413
log natural cubic,"logm, knots=14",0.0271606897,0.0225308825,0.0055216187,0.0572434831
direct B-spline,"d1, knots=10",0.0277500112,0.0226769302,0.0041394844,0.0516058806
direct B-spline,"logm, knots=10",0.0277500112,0.0226769302,0.0041394844,0.0516058806
log natural cubic,"d1, knots=14",0.0280314088,0.0234105645,0.0058028320,0.0564682249
direct B-spline,"spot, knots=20",0.0283682175,0.0142538825,0.0049949357,0.0625383554
direct B-spline,"spot, knots=16",0.0289773786,0.0193478845,0.0048662871,0.0546814191
direct natural cubic,"logm, knots=18",0.0297396358,0.0268476209,0.0044885312,0.0618770399
log polynomial,"spot, degree=5",0.0464138880,0.0118609243,0.1184177058,4.0766323419
log Chebyshev,"spot, degree=5",0.0464145024,0.0118636366,0.1184095593,4.0766863077
log natural cubic,"logm, knots=10",0.0471016500,0.0446510967,0.0114835529,0.0780927387
log natural cubic,"d1, knots=10",0.0472669716,0.0453281628,0.0127423298,0.0764729630
direct B-spline,"logm, knots=8",0.0484101266,0.0420281153,0.0046647418,0.0492846019
direct B-spline,"d1, knots=8",0.0484101266,0.0420281153,0.0046647418,0.0492846019
direct natural cubic,"d1, knots=14",0.0637353357,0.0504129051,0.0050309014,0.0688498980
direct natural cubic,"logm, knots=14",0.0639827290,0.0536677301,0.0049306618,0.0691101959
log natural cubic,"spot, knots=18",0.0959986077,0.0608190308,0.0054898380,0.0495003261
direct B-spline,"spot, knots=12",0.1050415952,0.0479930548,0.0046126256,0.0508120048
log natural cubic,"d1, knots=6",0.1348818452,0.1264250474,0.1272959355,0.5580194695
log natural cubic,"logm, knots=6",0.1348926302,0.1264756579,0.1268539627,0.5572207076
direct LOESS,"spot, frac=0.22",0.1386278965,0.0922728448,0.0041870037,0.0385730096
direct LOESS,"logm, frac=0.22",0.1460195304,0.0969846551,0.0041951372,0.0351719213
direct LOESS,"d1, frac=0.22",0.1460197220,0.0969849623,0.0041950949,0.0351722369
log natural cubic,"spot, knots=14",0.1536197540,0.1018545303,0.0137848974,0.1146680439
direct natural cubic,"d1, knots=10",0.1624304083,0.1399403115,0.0065275786,0.1177054906
direct natural cubic,"logm, knots=10",0.1628244501,0.1413788866,0.0065258461,0.1177252667
direct Chebyshev,"spot, degree=18",0.2092627656,0.0844981125,0.0045518812,0.0437273257
direct B-spline,"spot, knots=10",0.2258910847,0.1244131590,0.0045585670,0.0546996398
direct Chebyshev,"spot, degree=22",0.2428213108,0.1473096011,0.0049231628,0.0455551747
direct natural cubic,"spot, knots=18",0.2560940474,0.1524347996,0.0046320239,0.0528701825
direct Chebyshev,"d1, degree=15",0.2604721762,0.1313449990,0.0044105260,0.0494134538
direct Chebyshev,"logm, degree=15",0.2604721762,0.1313449990,0.0044105260,0.0494134538
direct B-spline,"logm, knots=6",0.2608697129,0.1898945386,0.0072209898,0.0261701917
direct B-spline,"d1, knots=6",0.2608697129,0.1898945386,0.0072209898,0.0261701917
log natural cubic,"spot, knots=10",0.2690077693,0.1895174090,0.0987290052,0.7239804571
direct Chebyshev,"d1, degree=22",0.2699263380,0.1210017339,0.0047754107,0.0465048091
direct Chebyshev,"logm, degree=22",0.2699263380,0.1210017339,0.0047754107,0.0465048091
direct Chebyshev,"spot, degree=15",0.3075121458,0.1122692407,0.0045403426,0.0546682792
direct Chebyshev,"spot, degree=13",0.3096792284,0.1428661179,0.0044028627,0.0505974271
direct Chebyshev,"d1, degree=13",0.3463094772,0.0955842699,0.0042363887,0.0484493918
direct Chebyshev,"logm, degree=13",0.3463094772,0.0955842699,0.0042363887,0.0484493918
direct polynomial,"d1, degree=11",0.4606495829,0.2347681780,0.0046081278,0.0563448116
direct Chebyshev,"logm, degree=11",0.4606513664,0.2347689887,0.0046081287,0.0563448506
direct Chebyshev,"d1, degree=11",0.4606513664,0.2347689887,0.0046081287,0.0563448506
direct Chebyshev,"d1, degree=18",0.4878342834,0.1635332390,0.0047042494,0.0481838782
direct Chebyshev,"logm, degree=18",0.4878342834,0.1635332390,0.0047042494,0.0481838782
direct Chebyshev,"spot, degree=11",0.5564332465,0.2908040344,0.0048145069,0.0472810250
direct natural cubic,"spot, knots=14",0.5910862673,0.3337667203,0.0048885970,0.0492894779
log natural cubic,"spot, knots=6",0.5931942885,0.4294178039,0.8224100073,5.2407536722
direct B-spline,"spot, knots=8",0.6622408177,0.2774773935,0.0056951592,0.0514558251
direct natural cubic,"logm, knots=6",0.7350333600,0.6665671277,0.0191297699,0.3087312340
direct natural cubic,"d1, knots=6",0.7354751212,0.6671341377,0.0191322734,0.3087167005
direct B-spline,"spot, knots=6",1.0866637067,0.5590583166,0.0089776589,0.0533150473
direct polynomial,"d1, degree=9",1.2160631836,0.9228585636,0.0084449987,0.0680351044
direct Chebyshev,"logm, degree=9",1.2160639716,0.9228593678,0.0084449990,0.0680351404
direct Chebyshev,"d1, degree=9",1.2160639716,0.9228593678,0.0084449990,0.0680351404
direct natural cubic,"spot, knots=10",1.8431051131,0.9947931180,0.0061121999,0.0368871013
direct LOESS,"spot, frac=0.35",2.0918209378,1.1986164863,0.0101480493,0.0412310885
direct LOESS,"logm, frac=0.35",2.1313156841,1.1483144753,0.0076939336,0.0295325397
direct LOESS,"d1, frac=0.35",2.1313159066,1.1483151058,0.0076939229,0.0295324325
log full Fourier,"spot, order=14",3.7696173893,1.9593297741,4.9936586037,231.2616938211
log full Fourier,"spot, order=11",3.7893529637,2.2257868437,6.0313320417,236.3342242108
log full Fourier,"spot, order=18",3.8201811322,1.5189175335,4.0052348113,218.0832662203
log full Fourier,"spot, order=9",3.8555302712,2.3945426540,6.9651641418,235.0211453978
log full Fourier,"spot, order=7",4.0044929833,2.5396767050,8.2173044320,230.5202319488
direct Chebyshev,"spot, degree=9",4.1714040877,0.9870785989,0.0093195636,0.0417140409
log full Fourier,"spot, order=5",4.3572034466,2.6360837380,10.0429879912,218.0450468215
direct natural cubic,"spot, knots=6",5.0845734920,3.6535744166,0.0314803279,0.2128212967
log full Fourier,"spot, order=3",5.4042324951,3.6500439265,12.9730846709,188.9292250325
direct Chebyshev,"spot, degree=7",5.8327171118,2.9661403284,0.0276662430,0.1681930508
direct polynomial,"spot, degree=11",5.9431867776,2.5207066351,0.0206971277,0.1134051316
direct polynomial,"spot, degree=9",5.9471843088,2.7398535447,0.0219203760,0.1140183155
direct polynomial,"spot, degree=7",5.9930717597,3.8761849394,0.0356374173,0.1680384295
direct polynomial,"logm, degree=9",6.3784332520,1.9320617845,0.0162181044,0.0637843325
direct polynomial,"logm, degree=11",6.3828259352,1.6604244191,0.0153052528,0.0638282594
direct polynomial,"d1, degree=7",9.6368429211,3.5410383973,0.0354808788,0.1555037943
direct Chebyshev,"logm, degree=7",9.6368451828,3.5410395107,0.0354808795,0.1555037521
direct Chebyshev,"d1, degree=7",9.6368451828,3.5410395107,0.0354808795,0.1555037521
direct polynomial,"logm, degree=7",9.6421282815,3.8595100148,0.0364870419,0.1553875030
log full Fourier,"d1, order=18",14.0637556921,1.6548877932,4.4038226336,151.5789056616
log full Fourier,"logm, order=18",14.0637556921,1.6548877932,4.4038226336,151.5789056616
log full Fourier,"d1, order=14",14.3626287230,1.8076473559,5.3492610101,156.1792735405
log full Fourier,"logm, order=14",14.3626287230,1.8076473559,5.3492610101,156.1792735405
log cosine Fourier,"spot, order=3",14.6879188087,8.5018734157,12.8864407049,87.8152007516
log full Fourier,"d1, order=11",14.7372863125,1.9473050174,6.3586850447,158.1319179668
log full Fourier,"logm, order=11",14.7372863125,1.9473050174,6.3586850447,158.1319179668
log full Fourier,"d1, order=9",15.1258679844,2.0097226503,7.2458851333,156.0227597474
log full Fourier,"logm, order=9",15.1258679844,2.0097226503,7.2458851333,156.0227597474
log full Fourier,"d1, order=7",15.7579697776,2.3776249006,8.4059199776,151.5687311017
log full Fourier,"logm, order=7",15.7579697776,2.3776249006,8.4059199776,151.5687311017
log full Fourier,"d1, order=5",16.9169621193,4.0595881897,10.0549531145,142.1070161491
log full Fourier,"logm, order=5",16.9169621193,4.0595881897,10.0549531145,142.1070161491
direct polynomial,"spot, degree=5",18.1009958274,15.7516721072,0.0919017799,0.4043437080
direct Chebyshev,"spot, degree=5",18.1043820525,15.7681832431,0.0918605295,0.4043517285
log cosine Fourier,"spot, order=14",19.1103506640,12.6804219490,12.8076398821,87.8243780001
log cosine Fourier,"spot, order=11",19.2066875728,12.6868262327,12.8076099825,87.8243993375
log cosine Fourier,"spot, order=9",19.4011039422,12.8538999203,12.8079846109,87.8241504511
log cosine Fourier,"spot, order=18",19.4653737518,12.5747397759,12.8078149337,87.8240226439
log full Fourier,"d1, order=3",19.7458938928,7.7779528680,12.5280586946,121.1479802415
log full Fourier,"logm, order=3",19.7458938928,7.7779528680,12.5280586946,121.1479802415
log cosine Fourier,"spot, order=5",19.8697797251,11.8832955698,12.8195423473,87.8216027933
log cosine Fourier,"spot, order=7",20.2895764499,13.0182089101,12.8099387395,87.8234470833
direct polynomial,"d1, degree=5",25.5597609288,21.0409246267,0.1554184110,0.6983267887
direct Chebyshev,"logm, degree=5",25.5597614633,21.0409250332,0.1554184112,0.6983268207
direct Chebyshev,"d1, degree=5",25.5597614633,21.0409250332,0.1554184112,0.6983268207
direct polynomial,"logm, degree=5",25.5598766824,21.0463406407,0.1554182733,0.6983220522
log cosine Fourier,"logm, order=3",69.0416632495,56.0245285475,14.5499243037,87.6345075492
log cosine Fourier,"d1, order=3",69.0416632495,56.0245285475,14.5499243037,87.6345075492
log cosine Fourier,"logm, order=9",72.7044023523,58.2571554916,14.5481677545,87.6807078083
log cosine Fourier,"d1, order=9",72.7044023523,58.2571554916,14.5481677545,87.6807078083
log cosine Fourier,"logm, order=18",74.1430440572,59.5567516387,14.5480935076,87.6913289312
log cosine Fourier,"d1, order=18",74.1430440572,59.5567516387,14.5480935076,87.6913289312
log cosine Fourier,"logm, order=11",74.4044995133,59.8664746798,14.5481378246,87.6845936250
log cosine Fourier,"d1, order=11",74.4044995133,59.8664746798,14.5481378246,87.6845936250
log cosine Fourier,"logm, order=14",74.5896574653,59.2038506287,14.5481101461,87.6883402009
log cosine Fourier,"d1, order=14",74.5896574653,59.2038506287,14.5481101461,87.6883402009
log cosine Fourier,"logm, order=7",74.8119791557,59.3569765443,14.5482129681,87.6743867904
log cosine Fourier,"d1, order=7",74.8119791557,59.3569765443,14.5482129681,87.6743867904
log cosine Fourier,"d1, order=5",78.4216756738,62.6853286342,14.5484643962,87.6627968670
log cosine Fourier,"logm, order=5",78.4216756738,62.6853286342,14.5484643962,87.6627968670
