variant,month,validation_design,method,max_rel,p99_rel,meaningful_max_rel,mae
basket_return,0,development,normal_moment_baseline,0.10728898158946834,0.0966588259609611,0.10728898158946834,0.23905747061296087
basket_return,0,development,residual_hermite_2001,0.008195689572620566,0.007421768151057204,0.008195689572620566,0.01798469511816159
basket_return,0,development,residual_hermite_5001,0.005677073207005658,0.005450368270039892,0.005677073207005658,0.014945673191154878
basket_return,0,development,residual_local_5001,0.010690539234177779,0.01056881629452971,0.010690539234177779,0.029178345805259135
basket_return,0,development,residual_nystrom_5001,0.0077453084657299175,0.006640073190578701,0.0077453084657299175,0.014279330425843886
basket_return,0,development,direct_hermite_2001,0.007734524123147978,0.007044399329205412,0.007734524123147978,0.017695352564900797
basket_return,0,development,direct_hermite_5001,0.0055381318841893025,0.005466670291845624,0.0055381318841893025,0.015138584981284748
basket_return,0,development,direct_local_5001,0.024264749714690666,0.019654803613044683,0.024264749714690666,0.03248265486863406
basket_return,0,development,direct_nystrom_5001,0.020342661767422887,0.016078201736656007,0.020342661767422887,0.01690358392004751
basket_return,0,development,weighted_sparse_chebyshev_2001,0.06239528392858768,0.04541069795226938,0.06239528392858768,0.026761295224490524
basket_return,0,development,weighted_sparse_chebyshev_5001,0.046267965961490534,0.03466480679083567,0.046267965961490534,0.023505583912478277
basket_return,0,development,sparse_chebyshev_2001,0.0614727612347063,0.04476645813115407,0.0614727612347063,0.02627809092686063
basket_return,0,development,residual_ensemble_5001,0.00775077248294233,0.00701827367838241,0.00775077248294233,0.01618228262316067
basket_return,0,development,direct_ensemble_5001,0.016621781027320176,0.013365902061153906,0.016621781027320176,0.017318624826976756
basket_return,0,independent,normal_moment_baseline,0.0725817666223822,0.0702134843772507,0.0725817666223822,0.22444270710628314
basket_return,0,independent,residual_hermite_2001,0.005926972649415965,0.005925371155709549,0.005926972649415965,0.01430736743668128
basket_return,0,independent,residual_hermite_5001,0.0057975242196049055,0.005533194932106018,0.0057975242196049055,0.01533752051098869
basket_return,0,independent,residual_local_5001,0.01329459686330089,0.012564492890951563,0.01329459686330089,0.023674281153302397
basket_return,0,independent,residual_nystrom_5001,0.006758892918497907,0.005944074650978667,0.006758892918497907,0.013718398723671926
basket_return,0,independent,direct_hermite_2001,0.006892690752124934,0.006750775275446415,0.006892690752124934,0.014813730911042272
basket_return,0,independent,direct_hermite_5001,0.006162098393786039,0.005650553854527321,0.006162098393786039,0.014539696101083837
basket_return,0,independent,direct_local_5001,0.022410000250951648,0.01780061821361527,0.022410000250951648,0.023396717117923953
basket_return,0,independent,direct_nystrom_5001,0.019686876838547,0.01599113865406902,0.019686876838547,0.019229634301434737
basket_return,0,independent,weighted_sparse_chebyshev_2001,0.02347160477618775,0.018666870567331052,0.02347160477618775,0.01910454175949845
basket_return,0,independent,weighted_sparse_chebyshev_5001,0.005607835252292565,0.005495041846994138,0.005607835252292565,0.01450024393867372
basket_return,0,independent,sparse_chebyshev_2001,0.022650265644275646,0.018021960493393573,0.022650265644275646,0.01899931768926018
basket_return,0,independent,residual_ensemble_5001,0.006177041131763902,0.0059552931395854235,0.006177041131763902,0.012582933721768528
basket_return,0,independent,direct_ensemble_5001,0.015036757375568567,0.011706439943896727,0.015036757375568567,0.013602518691328325
basket_return,3,development,normal_moment_baseline,0.08558247367529177,0.0841162873650778,0.08558247367529177,0.1803945230650436
basket_return,3,development,residual_hermite_2001,0.011079045666332938,0.010993342137756584,0.011079045666332938,0.020893813083624722
basket_return,3,development,residual_hermite_5001,0.007888812140077672,0.007852636453929501,0.007888812140077672,0.014521166244312208
basket_return,3,development,residual_local_5001,0.019221395655999566,0.017395458689577734,0.019221395655999566,0.029011352114938
basket_return,3,development,residual_nystrom_5001,0.00911981204778747,0.00840168763821119,0.00911981204778747,0.013841158293337505
basket_return,3,development,direct_hermite_2001,0.011358460977600383,0.01120913366815292,0.011358460977600383,0.023852383162302166
basket_return,3,development,direct_hermite_5001,0.01054294392272675,0.010481375796793889,0.01054294392272675,0.016043398417089665
basket_return,3,development,direct_local_5001,0.9601189664604912,0.9031753338182302,0.9601189664604912,1.2358493275757614
basket_return,3,development,direct_nystrom_5001,0.08458206645962706,0.08181622159538963,0.08458206645962706,0.15488451772711795
basket_return,3,development,weighted_sparse_chebyshev_2001,0.015034417656038912,0.014774899141364161,0.015034417656038912,0.020339951355466776
basket_return,3,development,weighted_sparse_chebyshev_5001,0.012534007687615607,0.012419704192215957,0.012534007687615607,0.01850593720124712
basket_return,3,development,sparse_chebyshev_2001,0.017009606225163825,0.016837742258505907,0.017009606225163825,0.023676878125945707
basket_return,3,development,residual_ensemble_5001,0.011066294477495844,0.010410954210359938,0.011066294477495844,0.012094110874432287
basket_return,3,development,direct_ensemble_5001,0.29688417496623826,0.2767313960577096,0.29688417496623826,0.4007213466317375
basket_return,3,independent,normal_moment_baseline,0.07506000284391862,0.06986039917539445,0.07506000284391862,0.16699352615862298
basket_return,3,independent,residual_hermite_2001,0.014042710061966696,0.01377072616159049,0.014042710061966696,0.01543218224132408
basket_return,3,independent,residual_hermite_5001,0.012468630470887082,0.01198081440946235,0.012468630470887082,0.011876708863333706
basket_return,3,independent,residual_local_5001,0.015597994988951543,0.01468129512924924,0.015597994988951543,0.02433191707790566
basket_return,3,independent,residual_nystrom_5001,0.011601990172664788,0.01147378106970355,0.011601990172664788,0.015822694174323058
basket_return,3,independent,direct_hermite_2001,0.01233967859563809,0.011342378986187632,0.01233967859563809,0.015117830883507134
basket_return,3,independent,direct_hermite_5001,0.011291871876044333,0.010919323939966991,0.011291871876044333,0.01236364031572153
basket_return,3,independent,direct_local_5001,1.0599520967213394,1.0297341101509436,1.0599520967213394,1.3495249855726241
basket_return,3,independent,direct_nystrom_5001,0.190405937371657,0.17796330103187513,0.190405937371657,0.14836323735615406
basket_return,3,independent,weighted_sparse_chebyshev_2001,0.016278713328014827,0.01612316243847459,0.016278713328014827,0.021182371736103826
basket_return,3,independent,weighted_sparse_chebyshev_5001,0.01242078749436874,0.011391488901275372,0.01242078749436874,0.01464996784948166
basket_return,3,independent,sparse_chebyshev_2001,0.017671654225995245,0.01705274230095197,0.017671654225995245,0.02037538589291175
basket_return,3,independent,residual_ensemble_5001,0.011117513418121377,0.00979054663352374,0.011117513418121377,0.013498539370829794
basket_return,3,independent,direct_ensemble_5001,0.3452076484075069,0.3389024003560861,0.3452076484075069,0.423031068313375
basket_return,6,development,normal_moment_baseline,0.17306076415200444,0.1618385356722548,0.17306076415200444,0.08918119677976079
basket_return,6,development,residual_hermite_2001,0.03435042248607911,0.03137014796254995,0.03435042248607911,0.019685484681215924
basket_return,6,development,residual_hermite_5001,0.028620397005873075,0.026849514576320028,0.028620397005873075,0.021009603841395236
basket_return,6,development,residual_local_5001,0.12566599089442135,0.12054339149940191,0.12566599089442135,0.029296624655676826
basket_return,6,development,residual_nystrom_5001,0.08961492062089393,0.08424387612253761,0.08961492062089393,0.036032758065081966
basket_return,6,development,direct_hermite_2001,0.03644979927257991,0.03419954415700798,0.03644979927257991,0.021229227106357284
basket_return,6,development,direct_hermite_5001,0.027855119849100104,0.027769294877530975,0.027855119849100104,0.02305660685170038
basket_return,6,development,direct_local_5001,5.550335915085121,4.754758005581384,5.550335915085121,1.0644883531014915
basket_return,6,development,direct_nystrom_5001,1.1417985887551931,1.0685792362170534,1.1417985887551931,0.32452339844855527
basket_return,6,development,weighted_sparse_chebyshev_2001,0.01697584642316755,0.016244072177272577,0.01697584642316755,0.009970161615482859
basket_return,6,development,weighted_sparse_chebyshev_5001,0.012544758833310337,0.012027536728541819,0.012544758833310337,0.00925228348275229
basket_return,6,development,sparse_chebyshev_2001,0.011709352396497296,0.01165002651900499,0.011709352396497296,0.01270154716010398
basket_return,6,development,residual_ensemble_5001,0.07218966714052287,0.07133208770282302,0.07218966714052287,0.02378175471490226
basket_return,6,development,direct_ensemble_5001,1.335087682298953,1.2510005330582117,1.335087682298953,0.2972248354550527
basket_return,6,independent,normal_moment_baseline,0.15342031471874193,0.1324076865615246,0.15342031471874193,0.07849880283163602
basket_return,6,independent,residual_hermite_2001,0.02834048809883285,0.027090556920389447,0.02834048809883285,0.017695567415143703
basket_return,6,independent,residual_hermite_5001,0.04287467644500475,0.036680358850921385,0.04287467644500475,0.015448828650701114
basket_return,6,independent,residual_local_5001,0.1038516792833436,0.09973819945957096,0.1038516792833436,0.027123119279034765
basket_return,6,independent,residual_nystrom_5001,0.06744439998499548,0.06300007010442131,0.06744439998499548,0.02761244034297412
basket_return,6,independent,direct_hermite_2001,0.04691495007614883,0.04307077143674803,0.04691495007614883,0.018377259370962067
basket_return,6,independent,direct_hermite_5001,0.0738922335050187,0.05797724871285504,0.0738922335050187,0.016624681894210194
basket_return,6,independent,direct_local_5001,9.074979961934561,8.501968444902161,9.074979961934561,0.9514987006715203
basket_return,6,independent,direct_nystrom_5001,1.1076724685661221,1.019085620470702,1.1076724685661221,0.2685040967782223
basket_return,6,independent,weighted_sparse_chebyshev_2001,0.04899808133693379,0.042117754617793116,0.04899808133693379,0.008354350635673352
basket_return,6,independent,weighted_sparse_chebyshev_5001,0.032083497509747386,0.027163736086100766,0.032083497509747386,0.008218312245107065
basket_return,6,independent,sparse_chebyshev_2001,0.040103018203836986,0.034962711238293226,0.040103018203836986,0.011465743126511987
basket_return,6,independent,residual_ensemble_5001,0.05488402117550746,0.05416868130854724,0.05488402117550746,0.017245211995507555
basket_return,6,independent,direct_ensemble_5001,1.614536428710492,1.5926371831392176,1.614536428710492,0.27588524974199957
basket_return,9,development,normal_moment_baseline,1.269209769995286,0.9516564458011687,0.2106986893482311,0.0429359340502221
basket_return,9,development,residual_hermite_2001,0.946405730039738,0.929068998921946,0.946405730039738,0.3695954517729962
basket_return,9,development,residual_hermite_5001,0.8752258180093008,0.8375811350811813,0.8752258180093008,0.2281439203011108
basket_return,9,development,residual_local_5001,0.8450620571876131,0.6467074893633001,0.18388016443990496,0.030687151058041047
basket_return,9,development,residual_nystrom_5001,0.664576818571269,0.6170768474861408,0.664576818571269,0.0978377568333032
basket_return,9,development,direct_hermite_2001,0.9452952926136309,0.9279711416707841,0.9452952926136309,0.3771336999829564
basket_return,9,development,direct_hermite_5001,0.8722543587188611,0.8326289442951291,0.8722543587188611,0.23134226972902214
basket_return,9,development,direct_local_5001,20.636705887589482,16.25918551883759,6.044971325083212,0.5227990518552438
basket_return,9,development,direct_nystrom_5001,3.7690409654150727,2.796317999963944,0.5266310805779838,0.17242139760615943
basket_return,9,development,weighted_sparse_chebyshev_2001,0.7891753522646937,0.7078606648280653,0.5181263941425995,0.03937441714290766
basket_return,9,development,weighted_sparse_chebyshev_5001,0.7880650911536357,0.6621789466584095,0.3684446095028828,0.02781644689737767
basket_return,9,development,sparse_chebyshev_2001,0.10257989048553257,0.09015022073655934,0.10257989048553257,0.014269412669261055
basket_return,9,development,residual_ensemble_5001,0.6706913879998617,0.6239638434793636,0.6706913879998617,0.1002258089861743
basket_return,9,development,direct_ensemble_5001,2.158767304791431,1.6435355206618691,0.4413280243595629,0.15935611258098908
basket_return,9,independent,normal_moment_baseline,1.3321320659007563,0.963913234587974,0.1047359615248182,0.03869069594810178
basket_return,9,independent,residual_hermite_2001,0.8805684246845524,0.8800511038116188,0.8805684246845524,0.24075059539932134
basket_return,9,independent,residual_hermite_5001,0.7478205986481453,0.7311163215575803,0.7478205986481453,0.22128379928721967
basket_return,9,independent,residual_local_5001,1.0861700727508592,0.8551562946187883,0.31612414564395813,0.020901836460960076
basket_return,9,independent,residual_nystrom_5001,0.9114319928211342,0.8570214741619274,0.7300635972904456,0.12971426791082816
basket_return,9,independent,direct_hermite_2001,0.8788642113227149,0.8783096701664006,0.8788642113227149,0.2403334802580081
basket_return,9,independent,direct_hermite_5001,0.7407628217346816,0.7271693840341168,0.7407628217346816,0.2214573440119867
basket_return,9,independent,direct_local_5001,41.055226354352044,30.981857225707593,7.4773292588706095,0.49657221373015364
basket_return,9,independent,direct_nystrom_5001,7.305201365367983,5.730019853010951,2.054596324177889,0.3252651308201437
basket_return,9,independent,weighted_sparse_chebyshev_2001,0.6291818966007218,0.5002377174609369,0.19936796613477342,0.01830413204069982
basket_return,9,independent,weighted_sparse_chebyshev_5001,0.7883381122520969,0.6225347018635904,0.23566007762374303,0.017191854005672486
basket_return,9,independent,sparse_chebyshev_2001,0.07107786327868902,0.05823419578696577,0.07107786327868902,0.011702839116535456
basket_return,9,independent,residual_ensemble_5001,0.7154271440472043,0.6834410686693208,0.6088068927875928,0.10726477144714915
basket_return,9,independent,direct_ensemble_5001,6.715024847864591,4.972773863137595,0.9075215654412848,0.1975275709781293
basket_return,12,development,normal_moment_baseline,0.0,0.0,0.0,0.0
basket_return,12,development,residual_hermite_2001,0.0,0.0,0.0,0.0
basket_return,12,development,residual_hermite_5001,0.0,0.0,0.0,0.0
basket_return,12,development,residual_local_5001,0.0,0.0,0.0,0.0
basket_return,12,development,residual_nystrom_5001,0.0,0.0,0.0,0.0
basket_return,12,development,direct_hermite_2001,0.0,0.0,0.0,0.0
basket_return,12,development,direct_hermite_5001,0.0,0.0,0.0,0.0
basket_return,12,development,direct_local_5001,0.0,0.0,0.0,0.0
basket_return,12,development,direct_nystrom_5001,0.0,0.0,0.0,0.0
basket_return,12,development,weighted_sparse_chebyshev_2001,0.0,0.0,0.0,0.0
basket_return,12,development,weighted_sparse_chebyshev_5001,0.0,0.0,0.0,0.0
basket_return,12,development,sparse_chebyshev_2001,0.0,0.0,0.0,0.0
basket_return,12,development,residual_ensemble_5001,0.0,0.0,0.0,0.0
basket_return,12,development,direct_ensemble_5001,0.0,0.0,0.0,0.0
basket_return,12,independent,normal_moment_baseline,0.0,0.0,0.0,0.0
basket_return,12,independent,residual_hermite_2001,0.0,0.0,0.0,0.0
basket_return,12,independent,residual_hermite_5001,0.0,0.0,0.0,0.0
basket_return,12,independent,residual_local_5001,0.0,0.0,0.0,0.0
basket_return,12,independent,residual_nystrom_5001,0.0,0.0,0.0,0.0
basket_return,12,independent,direct_hermite_2001,0.0,0.0,0.0,0.0
basket_return,12,independent,direct_hermite_5001,0.0,0.0,0.0,0.0
basket_return,12,independent,direct_local_5001,0.0,0.0,0.0,0.0
basket_return,12,independent,direct_nystrom_5001,0.0,0.0,0.0,0.0
basket_return,12,independent,weighted_sparse_chebyshev_2001,0.0,0.0,0.0,0.0
basket_return,12,independent,weighted_sparse_chebyshev_5001,0.0,0.0,0.0,0.0
basket_return,12,independent,sparse_chebyshev_2001,0.0,0.0,0.0,0.0
basket_return,12,independent,residual_ensemble_5001,0.0,0.0,0.0,0.0
basket_return,12,independent,direct_ensemble_5001,0.0,0.0,0.0,0.0
average_clipped,0,development,normal_moment_baseline,0.12097414968821082,0.1194197533050429,0.12097414968821082,0.5560142149953512
average_clipped,0,development,residual_hermite_2001,0.007276105471720996,0.006900904614745713,0.007276105471720996,0.015354969173296509
average_clipped,0,development,residual_hermite_5001,0.004896794079141929,0.004706039692990127,0.004896794079141929,0.013930094761664543
average_clipped,0,development,residual_local_5001,0.021510848111167404,0.018935031564545537,0.021510848111167404,0.03868333330553259
average_clipped,0,development,residual_nystrom_5001,0.006605942838133029,0.005792629134915427,0.006605942838133029,0.016189389626767168
average_clipped,0,development,direct_hermite_2001,0.007070388216752297,0.006668611066489809,0.007070388216752297,0.01526942527686391
average_clipped,0,development,direct_hermite_5001,0.0048093998812235965,0.0046486171740924434,0.0048093998812235965,0.014117193905330243
average_clipped,0,development,direct_local_5001,0.01684109971658831,0.013878282225460264,0.01684109971658831,0.028504819913766105
average_clipped,0,development,direct_nystrom_5001,0.007245890839708138,0.006581002112223764,0.007245890839708138,0.0176109152061056
average_clipped,0,development,weighted_sparse_chebyshev_2001,0.011721593871216482,0.01007861604609316,0.011721593871216482,0.019695941617734927
average_clipped,0,development,weighted_sparse_chebyshev_5001,0.013346694865671646,0.010577215566934734,0.013346694865671646,0.016527497459125004
average_clipped,0,development,sparse_chebyshev_2001,0.01090600137693118,0.009455528675361622,0.01090600137693118,0.01931777139064564
average_clipped,0,development,residual_ensemble_5001,0.010800110243013073,0.009428734336986001,0.010800110243013073,0.021304516755681225
average_clipped,0,development,direct_ensemble_5001,0.007815806391726122,0.00680559524378398,0.007815806391726122,0.01791128716961794
average_clipped,0,independent,normal_moment_baseline,0.1296243798530216,0.12640377128669816,0.1296243798530216,0.535843204297551
average_clipped,0,independent,residual_hermite_2001,0.009901797412341215,0.008429999182090952,0.009901797412341215,0.015494176036489612
average_clipped,0,independent,residual_hermite_5001,0.007313848033919249,0.006850086112675855,0.007313848033919249,0.019347540509540705
average_clipped,0,independent,residual_local_5001,0.024064761115243846,0.020326731482937316,0.024064761115243846,0.03327836536452361
average_clipped,0,independent,residual_nystrom_5001,0.006274251571526942,0.005823065852340652,0.006274251571526942,0.017795850654548313
average_clipped,0,independent,direct_hermite_2001,0.00959693277146495,0.00819287752074738,0.00959693277146495,0.01529427756780367
average_clipped,0,independent,direct_hermite_5001,0.006868805618749088,0.006393190597590702,0.006868805618749088,0.01913054858123279
average_clipped,0,independent,direct_local_5001,0.021899921074598986,0.017197418799084947,0.021899921074598986,0.02513791228508575
average_clipped,0,independent,direct_nystrom_5001,0.01614123550687792,0.01339956084568612,0.01614123550687792,0.02135834658141396
average_clipped,0,independent,weighted_sparse_chebyshev_2001,0.007266390587902472,0.007254858378181166,0.007266390587902472,0.015530759150700481
average_clipped,0,independent,weighted_sparse_chebyshev_5001,0.007629205830392921,0.0071546279867000274,0.007629205830392921,0.01526507807992471
average_clipped,0,independent,sparse_chebyshev_2001,0.007390186115589361,0.0072430948547474215,0.007390186115589361,0.01555750841782263
average_clipped,0,independent,residual_ensemble_5001,0.011104027796983766,0.009373206615322668,0.011104027796983766,0.018814856885256342
average_clipped,0,independent,direct_ensemble_5001,0.010363249480618134,0.008616376180712343,0.010363249480618134,0.01739445702683047
average_clipped,3,development,normal_moment_baseline,0.1291599486588575,0.12331618054334058,0.1291599486588575,0.3729724598541833
average_clipped,3,development,residual_hermite_2001,0.011559167194648577,0.01120376105296207,0.011559167194648577,0.016117751780241166
average_clipped,3,development,residual_hermite_5001,0.00713755073386631,0.006912392672711426,0.00713755073386631,0.010018013851942729
average_clipped,3,development,residual_local_5001,0.03357790792202158,0.03271607509968481,0.03357790792202158,0.05022822989946867
average_clipped,3,development,residual_nystrom_5001,0.014892654643071095,0.013730739568342084,0.014892654643071095,0.01829378820233939
average_clipped,3,development,direct_hermite_2001,0.011559089166214112,0.011540329445494045,0.011559089166214112,0.01773454216684169
average_clipped,3,development,direct_hermite_5001,0.0075050299085319605,0.00746176966767308,0.0075050299085319605,0.011793467759463062
average_clipped,3,development,direct_local_5001,1.2110513131736145,1.1349391728871487,1.2110513131736145,1.3054562747279241
average_clipped,3,development,direct_nystrom_5001,0.14374139412981982,0.13183196235435124,0.14374139412981982,0.1884143623988281
average_clipped,3,development,weighted_sparse_chebyshev_2001,0.014479806251020723,0.014138945658348332,0.014479806251020723,0.02288197229391526
average_clipped,3,development,weighted_sparse_chebyshev_5001,0.01084949403886648,0.010631480646585218,0.01084949403886648,0.016645061239224723
average_clipped,3,development,sparse_chebyshev_2001,0.014161427413217714,0.013815565388592802,0.014161427413217714,0.02218848076024968
average_clipped,3,development,residual_ensemble_5001,0.011193772768332324,0.011095627181797348,0.011193772768332324,0.020735992007885597
average_clipped,3,development,direct_ensemble_5001,0.3840269049191833,0.36059188853585594,0.3840269049191833,0.4215379231714079
average_clipped,3,independent,normal_moment_baseline,0.14603170002417126,0.14157022364539357,0.14603170002417126,0.34825116672837614
average_clipped,3,independent,residual_hermite_2001,0.012888470562091447,0.011613301046773817,0.012888470562091447,0.01065554909581868
average_clipped,3,independent,residual_hermite_5001,0.00822058672763704,0.007433517140935224,0.00822058672763704,0.008201329916719373
average_clipped,3,independent,residual_local_5001,0.03715751722123942,0.034769328131361465,0.03715751722123942,0.04819109141480592
average_clipped,3,independent,residual_nystrom_5001,0.013680434108830445,0.013311966810745169,0.013680434108830445,0.018304370936229757
average_clipped,3,independent,direct_hermite_2001,0.012825679470884368,0.011817708892332877,0.012825679470884368,0.012592108905043293
average_clipped,3,independent,direct_hermite_5001,0.0077872347479735855,0.0076298760422054196,0.0077872347479735855,0.008665310706218891
average_clipped,3,independent,direct_local_5001,1.2701743582578988,1.250151110703883,1.2701743582578988,1.4460148121784893
average_clipped,3,independent,direct_nystrom_5001,0.1376050246866461,0.1312185321733456,0.1376050246866461,0.1748126821933508
average_clipped,3,independent,weighted_sparse_chebyshev_2001,0.0363187177179862,0.0277149108354046,0.0363187177179862,0.01701305379494168
average_clipped,3,independent,weighted_sparse_chebyshev_5001,0.005172235145301833,0.00514378574718048,0.005172235145301833,0.010336896764177305
average_clipped,3,independent,sparse_chebyshev_2001,0.035067386596574,0.026705922078556234,0.035067386596574,0.01624631360292929
average_clipped,3,independent,residual_ensemble_5001,0.014428312184485289,0.013573040055109667,0.014428312184485289,0.01863929073625982
average_clipped,3,independent,direct_ensemble_5001,0.38560363338517645,0.37828011669212036,0.38560363338517645,0.4294760233628132
average_clipped,6,development,normal_moment_baseline,0.20574284911202248,0.1857553061687688,0.20574284911202248,0.1582998986711145
average_clipped,6,development,residual_hermite_2001,0.04846368136613647,0.04740276305854995,0.04846368136613647,0.020023856064954184
average_clipped,6,development,residual_hermite_5001,0.04122744219459259,0.03972058192668361,0.04122744219459259,0.019699689402146506
average_clipped,6,development,residual_local_5001,0.15393455744869855,0.14220466330598383,0.15393455744869855,0.030306673460825
average_clipped,6,development,residual_nystrom_5001,0.2115156369814778,0.19459741181713416,0.2115156369814778,0.02862150956742612
average_clipped,6,development,direct_hermite_2001,0.0492968654375912,0.04863776840680864,0.0492968654375912,0.023143037288077952
average_clipped,6,development,direct_hermite_5001,0.042727147025066234,0.042369678422509424,0.042727147025066234,0.02191978547003657
average_clipped,6,development,direct_local_5001,15.330815518029048,13.261579520561696,15.330815518029048,1.0412232282830252
average_clipped,6,development,direct_nystrom_5001,2.657896158219304,2.419219516874113,2.657896158219304,0.40502009463228966
average_clipped,6,development,weighted_sparse_chebyshev_2001,0.022464369925755442,0.02226190680234512,0.022464369925755442,0.006310584728568852
average_clipped,6,development,weighted_sparse_chebyshev_5001,0.02105442378199846,0.02088367157157506,0.02105442378199846,0.0053976331674903
average_clipped,6,development,sparse_chebyshev_2001,0.026848692743523486,0.02494807929972102,0.026848692743523486,0.010290634052450334
average_clipped,6,development,residual_ensemble_5001,0.12861671629510493,0.12001391141966455,0.12861671629510493,0.022532243957930083
average_clipped,6,development,direct_ensemble_5001,2.9851504866200087,2.6982364919589448,2.9851504866200087,0.32015890162561395
average_clipped,6,independent,normal_moment_baseline,0.16348716470654798,0.16271038953257833,0.16348716470654798,0.13792274901906695
average_clipped,6,independent,residual_hermite_2001,0.04457652645449499,0.043998259918700384,0.04457652645449499,0.016838847849454917
average_clipped,6,independent,residual_hermite_5001,0.043566656215762195,0.04215909021584325,0.043566656215762195,0.015359204219962064
average_clipped,6,independent,residual_local_5001,0.1271614610924395,0.12473028403765486,0.1271614610924395,0.028240066049900918
average_clipped,6,independent,residual_nystrom_5001,0.13882031230543618,0.13770367413548334,0.13882031230543618,0.032828477352387156
average_clipped,6,independent,direct_hermite_2001,0.0684533871629766,0.06152076999400052,0.0684533871629766,0.018770090564336015
average_clipped,6,independent,direct_hermite_5001,0.06223696291223622,0.055058489914391794,0.06223696291223622,0.017770026121944667
average_clipped,6,independent,direct_local_5001,20.272526231522573,19.681461080648134,20.272526231522573,0.9015170374935079
average_clipped,6,independent,direct_nystrom_5001,4.204489683886029,3.4793616737922717,4.204489683886029,0.30883042064794713
average_clipped,6,independent,weighted_sparse_chebyshev_2001,0.07111390586186467,0.06756427079344578,0.07111390586186467,0.006808530546639367
average_clipped,6,independent,weighted_sparse_chebyshev_5001,0.07364008359567945,0.05989414769148135,0.07364008359567945,0.006437557828972211
average_clipped,6,independent,sparse_chebyshev_2001,0.07502320791345403,0.07373587096995939,0.07502320791345403,0.012321313913711935
average_clipped,6,independent,residual_ensemble_5001,0.1023565923428143,0.0959574107709396,0.1023565923428143,0.02254884963413969
average_clipped,6,independent,direct_ensemble_5001,3.6912247874528386,3.4657267890233676,3.6912247874528386,0.25341960867945107
average_clipped,9,development,normal_moment_baseline,0.41462361928232044,0.3962042280851298,0.1309633329499897,0.0790510376927876
average_clipped,9,development,residual_hermite_2001,0.6515187981712002,0.6403776538944517,0.5895755692333629,0.17976502756002313
average_clipped,9,development,residual_hermite_5001,0.5147631894996973,0.5017060741540941,0.4712394716810198,0.13691911208101432
average_clipped,9,development,residual_local_5001,0.2062104009886913,0.20558239089063332,0.20411703399516465,0.02305646608177181
average_clipped,9,development,residual_nystrom_5001,0.25364608804349514,0.24489099286371893,0.25364608804349514,0.06270609656194678
average_clipped,9,development,direct_hermite_2001,0.6302772652815982,0.6251620438293098,0.5907094253492045,0.20847276773191917
average_clipped,9,development,direct_hermite_5001,0.4781130777681949,0.47109372102001607,0.4547152219409321,0.15613485630369078
average_clipped,9,development,direct_local_5001,19.21919250670264,18.072660596028527,14.16757511889995,0.42500344058185235
average_clipped,9,development,direct_nystrom_5001,4.979846365400215,4.635598084448899,1.0605213794762214,0.3210918614547735
average_clipped,9,development,weighted_sparse_chebyshev_2001,0.25185188278991744,0.19983869998029316,0.03556854817475508,0.0052228515844644574
average_clipped,9,development,weighted_sparse_chebyshev_5001,0.19822973723261028,0.16536081203256042,0.07446849423339147,0.008008064020585216
average_clipped,9,development,sparse_chebyshev_2001,0.056242330756535765,0.05208375130065174,0.04238039923692237,0.022041072587033285
average_clipped,9,development,residual_ensemble_5001,0.2667603117030376,0.2542714271941291,0.2667603117030376,0.05015762190177478
average_clipped,9,development,direct_ensemble_5001,2.835574640033478,2.816893132444681,1.6067969891315859,0.12723166757039095
average_clipped,9,independent,normal_moment_baseline,0.4276078738381135,0.3878553991461908,0.12322832399979892,0.0724125473248304
average_clipped,9,independent,residual_hermite_2001,0.7483031102083634,0.723334622647307,0.7483031102083634,0.1255336990707687
average_clipped,9,independent,residual_hermite_5001,0.6079883625173077,0.593707925773075,0.6079883625173077,0.13373988680185364
average_clipped,9,independent,residual_local_5001,0.2911147145645101,0.28589123403057537,0.2911147145645101,0.022875320858372836
average_clipped,9,independent,residual_nystrom_5001,0.4147488027396536,0.34901844219692607,0.4147488027396536,0.07899099926578562
average_clipped,9,independent,direct_hermite_2001,0.7567042055434974,0.7293921243086299,0.7567042055434974,0.1440597524984792
average_clipped,9,independent,direct_hermite_5001,0.6102515594112575,0.5909238794743451,0.6102515594112575,0.15034026786363383
average_clipped,9,independent,direct_local_5001,24.93853150576406,23.587269173143135,2.7771174335784354,0.42739782085579037
average_clipped,9,independent,direct_nystrom_5001,5.0382289036786,4.9031079756493,0.43565116914947943,0.286866731157191
average_clipped,9,independent,weighted_sparse_chebyshev_2001,0.04828921548237462,0.048241643944129,0.03248635879235948,0.006116342465748916
average_clipped,9,independent,weighted_sparse_chebyshev_5001,0.2051968994906947,0.19927548160376599,0.017487576888065022,0.0065264222155014965
average_clipped,9,independent,sparse_chebyshev_2001,0.11565718044883924,0.09794016560620994,0.02623876035302001,0.009111571748796699
average_clipped,9,independent,residual_ensemble_5001,0.4541222995221692,0.39020626762312427,0.4541222995221692,0.06250179479634167
average_clipped,9,independent,direct_ensemble_5001,2.815630772619405,2.686730761144006,0.27744345703920853,0.14519022121355188
average_clipped,12,development,normal_moment_baseline,0.0,0.0,0.0,0.0
average_clipped,12,development,residual_hermite_2001,0.0,0.0,0.0,0.0
average_clipped,12,development,residual_hermite_5001,0.0,0.0,0.0,0.0
average_clipped,12,development,residual_local_5001,0.0,0.0,0.0,0.0
average_clipped,12,development,residual_nystrom_5001,0.0,0.0,0.0,0.0
average_clipped,12,development,direct_hermite_2001,0.0,0.0,0.0,0.0
average_clipped,12,development,direct_hermite_5001,0.0,0.0,0.0,0.0
average_clipped,12,development,direct_local_5001,0.0,0.0,0.0,0.0
average_clipped,12,development,direct_nystrom_5001,0.0,0.0,0.0,0.0
average_clipped,12,development,weighted_sparse_chebyshev_2001,0.0,0.0,0.0,0.0
average_clipped,12,development,weighted_sparse_chebyshev_5001,0.0,0.0,0.0,0.0
average_clipped,12,development,sparse_chebyshev_2001,0.0,0.0,0.0,0.0
average_clipped,12,development,residual_ensemble_5001,0.0,0.0,0.0,0.0
average_clipped,12,development,direct_ensemble_5001,0.0,0.0,0.0,0.0
average_clipped,12,independent,normal_moment_baseline,0.0,0.0,0.0,0.0
average_clipped,12,independent,residual_hermite_2001,0.0,0.0,0.0,0.0
average_clipped,12,independent,residual_hermite_5001,0.0,0.0,0.0,0.0
average_clipped,12,independent,residual_local_5001,0.0,0.0,0.0,0.0
average_clipped,12,independent,residual_nystrom_5001,0.0,0.0,0.0,0.0
average_clipped,12,independent,direct_hermite_2001,0.0,0.0,0.0,0.0
average_clipped,12,independent,direct_hermite_5001,0.0,0.0,0.0,0.0
average_clipped,12,independent,direct_local_5001,0.0,0.0,0.0,0.0
average_clipped,12,independent,direct_nystrom_5001,0.0,0.0,0.0,0.0
average_clipped,12,independent,weighted_sparse_chebyshev_2001,0.0,0.0,0.0,0.0
average_clipped,12,independent,weighted_sparse_chebyshev_5001,0.0,0.0,0.0,0.0
average_clipped,12,independent,sparse_chebyshev_2001,0.0,0.0,0.0,0.0
average_clipped,12,independent,residual_ensemble_5001,0.0,0.0,0.0,0.0
average_clipped,12,independent,direct_ensemble_5001,0.0,0.0,0.0,0.0
worst_of,0,development,normal_moment_baseline,0.5538114645473126,0.5489620796165923,0.5538114645473126,0.07267190208616447
worst_of,0,development,residual_hermite_2001,0.051670758150588254,0.04828845805343072,0.051670758150588254,0.0029724586046582023
worst_of,0,development,residual_hermite_5001,0.060322617157441354,0.05471241781565236,0.060322617157441354,0.0024234760213073026
worst_of,0,development,residual_local_5001,0.11796538168617432,0.10520284018599033,0.11796538168617432,0.005207109418481275
worst_of,0,development,residual_nystrom_5001,0.05434050778401106,0.04872197284816013,0.05434050778401106,0.002357897263836963
worst_of,0,development,direct_hermite_2001,0.05346404596595451,0.05098760476941206,0.05346404596595451,0.0030625752541250193
worst_of,0,development,direct_hermite_5001,0.06107892496155317,0.0562619631934324,0.06107892496155317,0.0024144249721912447
worst_of,0,development,direct_local_5001,0.06173746293689671,0.05826172472396845,0.06173746293689671,0.003282931403618907
worst_of,0,development,direct_nystrom_5001,0.10282460928098268,0.08867925835323481,0.10282460928098268,0.004373071943437161
worst_of,0,development,weighted_sparse_chebyshev_2001,0.051407857030418155,0.04241001253346996,0.051407857030418155,0.0019912653358656416
worst_of,0,development,weighted_sparse_chebyshev_5001,0.04092406819710623,0.036999991754286414,0.04092406819710623,0.001608050098552454
worst_of,0,development,sparse_chebyshev_2001,0.04632776588488069,0.039333130602592116,0.04632776588488069,0.0020876692240996524
worst_of,0,development,residual_ensemble_5001,0.06340394051203459,0.06192794297430362,0.06340394051203459,0.0031173933229731716
worst_of,0,development,direct_ensemble_5001,0.07162898564200892,0.0632357809620397,0.07162898564200892,0.0026937742200482586
worst_of,0,independent,normal_moment_baseline,0.605592765007446,0.5982657853402457,0.605592765007446,0.07075362938349522
worst_of,0,independent,residual_hermite_2001,0.04957247562752598,0.04523338446251653,0.04957247562752598,0.0021020890789411203
worst_of,0,independent,residual_hermite_5001,0.05767305064397379,0.050846260111310236,0.05767305064397379,0.002073422697672424
worst_of,0,independent,residual_local_5001,0.12255057582230741,0.10948222391402097,0.12255057582230741,0.004160543864728418
worst_of,0,independent,residual_nystrom_5001,0.032057896490625334,0.029925377853770734,0.032057896490625334,0.0019616557487501765
worst_of,0,independent,direct_hermite_2001,0.050891692922302736,0.045011634070159116,0.050891692922302736,0.002098157539945451
worst_of,0,independent,direct_hermite_5001,0.060928328242247344,0.05312521416557949,0.060928328242247344,0.0020130988686071056
worst_of,0,independent,direct_local_5001,0.09052944133893684,0.0765799210945484,0.09052944133893684,0.003302388205498048
worst_of,0,independent,direct_nystrom_5001,0.17332135780184688,0.16200825208282693,0.17332135780184688,0.0053031827557275075
worst_of,0,independent,weighted_sparse_chebyshev_2001,0.0353463795927286,0.03458848602151968,0.0353463795927286,0.0024039228906386767
worst_of,0,independent,weighted_sparse_chebyshev_5001,0.028776653981079786,0.028557886064351105,0.028776653981079786,0.0015183147470185694
worst_of,0,independent,sparse_chebyshev_2001,0.044567726037451245,0.04214607556993125,0.044567726037451245,0.0027012130960009347
worst_of,0,independent,residual_ensemble_5001,0.03746810654393878,0.03329642569798304,0.03746810654393878,0.0018843388387526248
worst_of,0,independent,direct_ensemble_5001,0.09526411266527145,0.08401176190470831,0.09526411266527145,0.0028700404792149753
worst_of,3,development,normal_moment_baseline,0.6541254515201231,0.6464470219706748,0.6265345030181609,0.16166991734255753
worst_of,3,development,residual_hermite_2001,0.03938526430473515,0.03901264181331924,0.03938526430473515,0.006296466327148115
worst_of,3,development,residual_hermite_5001,0.03605701891895674,0.0349067993499409,0.03605701891895674,0.009901232941024844
worst_of,3,development,residual_local_5001,0.27711113580408453,0.26532415973371254,0.18428349171923092,0.05065804229100752
worst_of,3,development,residual_nystrom_5001,0.12344854228451624,0.11821059964149903,0.07437900032759162,0.030313159499908836
worst_of,3,development,direct_hermite_2001,0.04315133796185135,0.04214217225321269,0.04315133796185135,0.006089590641927818
worst_of,3,development,direct_hermite_5001,0.03834007668177068,0.0353330144592671,0.03834007668177068,0.009038506240842454
worst_of,3,development,direct_local_5001,4.272630860891745,3.6497421883116985,2.110245003828258,0.5211136096281164
worst_of,3,development,direct_nystrom_5001,0.4471326359424655,0.37978770612353785,0.18277051001176114,0.07132991326001122
worst_of,3,development,weighted_sparse_chebyshev_2001,0.08222274722334137,0.07981109703167436,0.08222274722334137,0.011473000097339954
worst_of,3,development,weighted_sparse_chebyshev_5001,0.05737659021512499,0.05581170192114444,0.05216029590185649,0.014480229948923512
worst_of,3,development,sparse_chebyshev_2001,0.09695447351468389,0.08888691015003901,0.09695447351468389,0.01691053254172731
worst_of,3,development,residual_ensemble_5001,0.12552295950760606,0.11823753433356746,0.07785430282823247,0.018831649903062617
worst_of,3,development,direct_ensemble_5001,0.845833140984879,0.7454027015044578,0.5110650093834754,0.18269389600049227
worst_of,3,independent,normal_moment_baseline,0.7442666321894474,0.7322858400734428,0.562696436995126,0.14317439591321307
worst_of,3,independent,residual_hermite_2001,0.07483651052352625,0.06749629107131365,0.041547672890448764,0.006527453625819297
worst_of,3,independent,residual_hermite_5001,0.05374051462976533,0.04758479830994337,0.05374051462976533,0.009467425767606915
worst_of,3,independent,residual_local_5001,0.304303680351949,0.3015013508512661,0.2786522093955469,0.057459694564452886
worst_of,3,independent,residual_nystrom_5001,0.2630609463530095,0.2458343918521407,0.2630609463530095,0.04194187495629308
worst_of,3,independent,direct_hermite_2001,0.06182237212668251,0.060218220748443685,0.048946491273333725,0.006740167898492578
worst_of,3,independent,direct_hermite_5001,0.04497420711081611,0.04363223676123872,0.04497420711081611,0.008752615145327804
worst_of,3,independent,direct_local_5001,3.9832873854814568,3.8435736329292864,2.648959723781976,0.5176871246342879
worst_of,3,independent,direct_nystrom_5001,1.309036082727072,1.2052325446960617,1.309036082727072,0.12148553902586166
worst_of,3,independent,weighted_sparse_chebyshev_2001,0.05358354475948293,0.04823327054922028,0.05358354475948293,0.006624598922589911
worst_of,3,independent,weighted_sparse_chebyshev_5001,0.08471393307753833,0.07176560427447891,0.04155283706734037,0.011413691769077122
worst_of,3,independent,sparse_chebyshev_2001,0.043307808866533494,0.04135430105469241,0.043307808866533494,0.014455042907640945
worst_of,3,independent,residual_ensemble_5001,0.2046759056216919,0.19726420819409274,0.2046759056216919,0.02548671476393251
worst_of,3,independent,direct_ensemble_5001,1.0073183463843371,0.9656056810002684,1.0073183463843371,0.1935112765277313
worst_of,6,development,normal_moment_baseline,0.7736413649534786,0.7642930664284203,0.5959608037533168,0.11550201418980527
worst_of,6,development,residual_hermite_2001,0.10944655797883739,0.09711724646144583,0.04799761574696167,0.012477587401881781
worst_of,6,development,residual_hermite_5001,0.10456048965879186,0.09846629269963059,0.039997223506859275,0.012586991222267627
worst_of,6,development,residual_local_5001,0.35660714337403415,0.3517752559052757,0.35660714337403415,0.07319889951815439
worst_of,6,development,residual_nystrom_5001,0.4004432265384074,0.3518379750976871,0.23842572173600685,0.05725604753905029
worst_of,6,development,direct_hermite_2001,0.05430213442792105,0.05181094008301667,0.03675762853047095,0.015761761784358428
worst_of,6,development,direct_hermite_5001,0.058239939197143785,0.05765574751162323,0.03718342013954897,0.01411533125838255
worst_of,6,development,direct_local_5001,6.665362401062942,6.542714680824228,6.665362401062942,1.4620693384094479
worst_of,6,development,direct_nystrom_5001,1.3957753977229688,1.3267857075528993,1.0200565289658465,0.18740252050921008
worst_of,6,development,weighted_sparse_chebyshev_2001,0.0583767001123925,0.05668394146753087,0.018540137828757044,0.008672625104013594
worst_of,6,development,weighted_sparse_chebyshev_5001,0.08927584862067332,0.07771714958048995,0.028335033876226684,0.009553137233418163
worst_of,6,development,sparse_chebyshev_2001,0.05364287992793571,0.053166912901556236,0.032675286151423365,0.013270072971872963
worst_of,6,development,residual_ensemble_5001,0.26961466708147414,0.2554082466996953,0.2222599324755448,0.03924034664584864
worst_of,6,development,direct_ensemble_5001,1.4971411391892555,1.4170564053313648,1.4971411391892555,0.4574911046956625
worst_of,6,independent,normal_moment_baseline,0.7848020749796684,0.7815979758386413,0.6026615353541326,0.10748075934561632
worst_of,6,independent,residual_hermite_2001,0.10211191910949316,0.09892127312265458,0.03638772396129804,0.01467864649856076
worst_of,6,independent,residual_hermite_5001,0.09685148348575863,0.09089748675537113,0.03739053451724055,0.017002070371633975
worst_of,6,independent,residual_local_5001,0.29007388836641823,0.28633983613121866,0.2776270475824197,0.07060492942718471
worst_of,6,independent,residual_nystrom_5001,0.4538416244128052,0.4043722809759924,0.20282815211119065,0.07454280222403277
worst_of,6,independent,direct_hermite_2001,0.11885910346753634,0.09862843308172811,0.035136725657335686,0.014319366424014126
worst_of,6,independent,direct_hermite_5001,0.07953908873467394,0.07574039758323653,0.018115883715838145,0.01627333619922085
worst_of,6,independent,direct_local_5001,11.325119280068074,9.746679376318912,2.9520789841841233,1.300216045833591
worst_of,6,independent,direct_nystrom_5001,1.4694803823092852,1.3266362714745275,0.3075737515292497,0.23044883629600207
worst_of,6,independent,weighted_sparse_chebyshev_2001,0.06816323529014894,0.06565539384716298,0.02140259653026532,0.009558485084879638
worst_of,6,independent,weighted_sparse_chebyshev_5001,0.08817328992311337,0.06909392999069175,0.021557107147322643,0.008617717841659574
worst_of,6,independent,sparse_chebyshev_2001,0.08221149185173321,0.0704135645992581,0.042885067676816276,0.014229283046865954
worst_of,6,independent,residual_ensemble_5001,0.2739344440662039,0.2593673128794784,0.13956694307182282,0.04569434635847314
worst_of,6,independent,direct_ensemble_5001,1.1316470779331667,1.0702270218105139,0.7451007008462049,0.4076322861002918
worst_of,9,development,normal_moment_baseline,0.8558728353399164,0.8384243518694133,0.7563191253522971,0.049210499669591255
worst_of,9,development,residual_hermite_2001,0.8252764862040037,0.7608462546100916,0.6105090475576304,0.09646417079823792
worst_of,9,development,residual_hermite_5001,0.7434053806977337,0.688092374008091,0.526556497841375,0.06717169850265939
worst_of,9,development,residual_local_5001,0.7017457797372242,0.5907356382585066,0.33171197480816644,0.08256795498783845
worst_of,9,development,residual_nystrom_5001,0.7613507268888049,0.7148361365163688,0.6063020923140181,0.06195273156580797
worst_of,9,development,direct_hermite_2001,0.456803300259524,0.43359428229753744,0.456803300259524,0.04364383593923998
worst_of,9,development,direct_hermite_5001,0.41570365459867753,0.3779294263844339,0.28978956055119903,0.043845357663516854
worst_of,9,development,direct_local_5001,20.422601602222603,15.628015507183282,3.6128161575415816,0.207797142000745
worst_of,9,development,direct_nystrom_5001,1.4023634279602337,1.1538576498978443,1.4023634279602337,0.08219186931897306
worst_of,9,development,weighted_sparse_chebyshev_2001,0.1804169449990541,0.16185438671623814,0.11854175072300102,0.011004744340874364
worst_of,9,development,weighted_sparse_chebyshev_5001,0.13362892661723724,0.12520478699039098,0.08604950823563867,0.010499631917402118
worst_of,9,development,sparse_chebyshev_2001,0.07331786123196743,0.06970845401227194,0.07331786123196743,0.012500494247828745
worst_of,9,development,residual_ensemble_5001,0.7367403148164556,0.6658867492751958,0.5005617630122565,0.06769241159392891
worst_of,9,development,direct_ensemble_5001,1.4715804362376954,1.3867245192729456,1.18872737968853,0.05180581064831918
worst_of,9,independent,normal_moment_baseline,0.8248818445361508,0.8176397917875428,0.7367215128711411,0.04947122732977565
worst_of,9,independent,residual_hermite_2001,0.8016260354759526,0.7415686666215496,0.6014348059612766,0.05905810550685243
worst_of,9,independent,residual_hermite_5001,0.7565352612978966,0.7216250984471568,0.5423499784516969,0.06659507243536218
worst_of,9,independent,residual_local_5001,0.6203534998275733,0.5439478591023766,0.365668030743585,0.08469570952217567
worst_of,9,independent,residual_nystrom_5001,0.7244325847522304,0.7098057118730571,0.46389269578536796,0.05052447120369293
worst_of,9,independent,direct_hermite_2001,0.6195313350393319,0.5030787338519913,0.2313559977481975,0.031135465836744577
worst_of,9,independent,direct_hermite_5001,0.5345702304320756,0.4645875550311964,0.30129464576247883,0.036451758831223174
worst_of,9,independent,direct_local_5001,5.648421205561418,5.284673694590635,1.790915791163831,0.2031237395997436
worst_of,9,independent,direct_nystrom_5001,3.046718471489855,2.5295534637473,1.32283511234801,0.13499432886832985
worst_of,9,independent,weighted_sparse_chebyshev_2001,0.15733579413580842,0.13989188686717757,0.09918943657370574,0.01021768432666212
worst_of,9,independent,weighted_sparse_chebyshev_5001,0.16885066036876736,0.1517214864894947,0.1117534141045253,0.012030363310170203
worst_of,9,independent,sparse_chebyshev_2001,0.09861711652087403,0.08604569976198487,0.09861711652087403,0.008756482536768381
worst_of,9,independent,residual_ensemble_5001,0.7079046983301844,0.6649456336296783,0.43664391104104433,0.06600638349724504
worst_of,9,independent,direct_ensemble_5001,1.2350712881530455,1.0879890595246269,0.7447971927249845,0.07735429187046379
worst_of,12,development,normal_moment_baseline,0.0,0.0,0.0,0.0
worst_of,12,development,residual_hermite_2001,0.0,0.0,0.0,0.0
worst_of,12,development,residual_hermite_5001,0.0,0.0,0.0,0.0
worst_of,12,development,residual_local_5001,0.0,0.0,0.0,0.0
worst_of,12,development,residual_nystrom_5001,0.0,0.0,0.0,0.0
worst_of,12,development,direct_hermite_2001,0.0,0.0,0.0,0.0
worst_of,12,development,direct_hermite_5001,0.0,0.0,0.0,0.0
worst_of,12,development,direct_local_5001,0.0,0.0,0.0,0.0
worst_of,12,development,direct_nystrom_5001,0.0,0.0,0.0,0.0
worst_of,12,development,weighted_sparse_chebyshev_2001,0.0,0.0,0.0,0.0
worst_of,12,development,weighted_sparse_chebyshev_5001,0.0,0.0,0.0,0.0
worst_of,12,development,sparse_chebyshev_2001,0.0,0.0,0.0,0.0
worst_of,12,development,residual_ensemble_5001,0.0,0.0,0.0,0.0
worst_of,12,development,direct_ensemble_5001,0.0,0.0,0.0,0.0
worst_of,12,independent,normal_moment_baseline,0.0,0.0,0.0,0.0
worst_of,12,independent,residual_hermite_2001,0.0,0.0,0.0,0.0
worst_of,12,independent,residual_hermite_5001,0.0,0.0,0.0,0.0
worst_of,12,independent,residual_local_5001,0.0,0.0,0.0,0.0
worst_of,12,independent,residual_nystrom_5001,0.0,0.0,0.0,0.0
worst_of,12,independent,direct_hermite_2001,0.0,0.0,0.0,0.0
worst_of,12,independent,direct_hermite_5001,0.0,0.0,0.0,0.0
worst_of,12,independent,direct_local_5001,0.0,0.0,0.0,0.0
worst_of,12,independent,direct_nystrom_5001,0.0,0.0,0.0,0.0
worst_of,12,independent,weighted_sparse_chebyshev_2001,0.0,0.0,0.0,0.0
worst_of,12,independent,weighted_sparse_chebyshev_5001,0.0,0.0,0.0,0.0
worst_of,12,independent,sparse_chebyshev_2001,0.0,0.0,0.0,0.0
worst_of,12,independent,residual_ensemble_5001,0.0,0.0,0.0,0.0
worst_of,12,independent,direct_ensemble_5001,0.0,0.0,0.0,0.0
